,concept,language,word,ID,cc
0,louse,ALBANIAN_GHEG,mor,0,louse:0
1,louse,ALBANIAN,morr,1,louse:0
2,louse,ALBANIAN_TOSK,mor,2,louse:0
3,louse,ARAGONESE,pegoLo,3,louse:1
4,louse,ASTURIAN,pioyu,4,louse:2
5,louse,CATALAN,poL,5,louse:3
6,louse,CATALAN_2,poL,6,louse:3
7,louse,CORSICAN,pidoTu,7,louse:2
8,louse,DALMATIAN,pedoklo,8,louse:4
9,louse,EMILIANO_CARPIGIANO,pyoC,9,louse:5
10,louse,EMILIANO_FERRARESE,vdoC,10,louse:6
11,louse,EMILIANO_REGGIANO,pyoC,11,louse:5
12,louse,FRENCH,pu,12,louse:7
13,louse,FRIULIAN,pEdoli,13,louse:8
14,louse,GALICIAN,pioLo,14,louse:9
15,louse,GASCON,pedui,15,louse:10
16,louse,ITALIAN,pidokko,16,louse:4
17,louse,ITALIAN_GROSSETO_TUSCAN,pidokyo,17,louse:4
18,louse,JUDEO_ESPAGNOL,pioxo,18,louse:9
19,louse,LANGUEDOCIEN,pezul,19,louse:11
20,louse,LIGURIAN_GENOESE,pigEju,20,louse:12
21,louse,LIGURIAN_RAPALLO,pigEju,21,louse:12
22,louse,LIGURIAN_STELLA,pyEju,22,louse:12
23,louse,LOMBARD_BERGAMO,pyoC,23,louse:5
24,louse,LOMBARD_PLESIO,pyoC,24,louse:5
25,louse,NEAPOLITAN_CALABRESE,p3ruky3,25,louse:13
26,louse,NONES,piocEl,26,louse:14
27,louse,NONES_FASSANO,poye,27,louse:15
28,louse,NONES_GARDENESE,podl,28,louse:16
29,louse,PIEMONTESE_BARBANIA,puy,29,louse:17
30,louse,PIEMONTESE_CARMAGNOLA,puy,30,louse:17
31,louse,PIEMONTESE_LANZO_TORINESE,puy,31,louse:17
32,louse,PIEMONTESE_VERCELLESE,pyoC,32,louse:5
33,louse,PORTUGUESE,pioLu,33,louse:2
34,louse,ROMAGNOL_RAVENNATE,bdoC,34,louse:6
35,louse,ROMANIAN,p3duke,35,louse:18
36,louse,ROMANIAN_2,paduke,36,louse:18
37,louse,ROMANIAN_MEGLENO,pidukLu,37,louse:2
38,louse,ROMANSH_GRISHUN,pluL,38,louse:19
39,louse,ROMANSH_SURMIRAN,pluL,39,louse:19
40,louse,ROMANSH_SURSILVAN,pluL,40,louse:19
41,louse,ROMANSH_VALLADER,plwoL,41,louse:20
42,louse,SARDINIAN,priogu,42,louse:2
43,louse,SARDINIAN_CAMPIDANESE,prioxu,43,louse:2
44,louse,SARDINIAN_LOGUDARESE,preuku,44,louse:21
45,louse,SPANISH,pioho,45,louse:9
46,liver,ALBANIAN_GHEG,m3lCi,46,liver:0
47,liver,ALBANIAN,m3lCi,47,liver:0
48,liver,ALBANIAN_TOSK,m3lCi,48,liver:0
49,liver,ARAGONESE,figado,49,liver:1
50,liver,CATALAN,fej3,50,liver:2
51,liver,CATALAN_2,fej3,51,liver:2
52,liver,CORSICAN,fegatu,52,liver:3
53,liver,DALMATIAN,figuot,53,liver:3
54,liver,EMILIANO_CARPIGIANO,fedeg,54,liver:4
55,liver,EMILIANO_FERRARESE,fEgat,55,liver:3
56,liver,EMILIANO_REGGIANO,fedeg,56,liver:4
57,liver,FRENCH,fa,57,liver:5
58,liver,FRIULIAN,fiat,58,liver:3
59,liver,GALICIAN,figado,59,liver:1
60,liver,GASCON,hiCe,60,liver:6
61,liver,ITALIAN,fegato,61,liver:3
62,liver,ITALIAN_GROSSETO_TUSCAN,fegato,62,liver:3
63,liver,JUDEO_ESPAGNOL,igado,63,liver:1
64,liver,LANGUEDOCIEN,feje,64,liver:2
65,liver,LIGURIAN_GENOESE,fegatu,65,liver:3
66,liver,LIGURIAN_RAPALLO,figEtu,66,liver:3
67,liver,LIGURIAN_STELLA,fegatu,67,liver:3
68,liver,LOMBARD_BERGAMO,fidek,68,liver:7
69,liver,LOMBARD_PLESIO,fidEk,69,liver:7
70,liver,NEAPOLITAN_CALABRESE,fExat3,70,liver:3
71,liver,NONES,fica,71,liver:1
72,liver,NONES_FASSANO,neygEr,72,liver:8
73,liver,NONES_GARDENESE,foSk,73,liver:9
74,liver,PIEMONTESE_BARBANIA,fidik,74,liver:7
75,liver,PIEMONTESE_CARMAGNOLA,fidik,75,liver:7
76,liver,PIEMONTESE_LANZO_TORINESE,fidik,76,liver:7
77,liver,PIEMONTESE_VERCELLESE,fidik,77,liver:7
78,liver,PORTUGUESE,fixa8u,78,liver:1
79,liver,ROMAGNOL_RAVENNATE,fegat,79,liver:3
80,liver,ROMANIAN,fikat,80,liver:1
81,liver,ROMANIAN_2,fikat,81,liver:1
82,liver,ROMANIAN_MEGLENO,drop,82,liver:10
83,liver,ROMANSH_GRISHUN,5irom,83,liver:11
84,liver,ROMANSH_SURMIRAN,nirom,84,liver:11
85,liver,ROMANSH_SURSILVAN,dir,85,liver:12
86,liver,ROMANSH_VALLADER,53rom,86,liver:11
87,liver,SARDINIAN,figadu,87,liver:1
88,liver,SARDINIAN_CAMPIDANESE,figaw,88,liver:1
89,liver,SARDINIAN_LOGUDARESE,fikadu,89,liver:1
90,liver,SICILIAN_UnnamedInSource,fiCatu,90,liver:3
91,liver,SPANISH,igado,91,liver:1
92,liver,TURIA_AROMANIAN,layikat,92,liver:1
93,breast,ALBANIAN_GHEG,gji,93,breast:0
94,breast,ALBANIAN,kraharor,94,breast:1
95,breast,ALBANIAN_TOSK,Toks,95,breast:2
96,breast,ARAGONESE,peito,96,breast:3
97,breast,ASTURIAN,peCu,97,breast:4
98,breast,CATALAN,pit,98,breast:5
99,breast,CORSICAN,petu,99,breast:4
100,breast,DALMATIAN,piat,100,breast:5
101,breast,EMILIANO_CARPIGIANO,pEt,101,breast:3
102,breast,EMILIANO_FERRARESE,pEt,102,breast:3
103,breast,EMILIANO_REGGIANO,stom3g,103,breast:6
104,breast,FRENCH,patrin,104,breast:7
105,breast,FRIULIAN,pet,105,breast:4
106,breast,GALICIAN,pEito,106,breast:3
107,breast,GASCON,pupo,107,breast:8
108,breast,ITALIAN,pEtto,108,breast:3
109,breast,ITALIAN_GROSSETO_TUSCAN,pEto,109,breast:3
110,breast,JUDEO_ESPAGNOL,peCo,110,breast:9
111,breast,LANGUEDOCIEN,pupo,111,breast:8
112,breast,LIGURIAN_GENOESE,petu,112,breast:4
113,breast,LIGURIAN_RAPALLO,kaSeta,113,breast:10
114,breast,LIGURIAN_STELLA,pEtu,114,breast:3
115,breast,LOMBARD_BERGAMO,stomEk,115,breast:6
116,breast,LOMBARD_PLESIO,StumEk,116,breast:6
117,breast,NEAPOLITAN_CALABRESE,pyetE,117,breast:4
118,breast,NONES,livEr,118,breast:11
119,breast,NONES_FASSANO,pyet,119,breast:4
120,breast,NONES_GARDENESE,pyet,120,breast:4
121,breast,PIEMONTESE_BARBANIA,pEt,121,breast:3
122,breast,PIEMONTESE_CARMAGNOLA,stomi,122,breast:6
123,breast,PIEMONTESE_LANZO_TORINESE,pEt,123,breast:3
124,breast,PIEMONTESE_VERCELLESE,stomik,124,breast:6
125,breast,PORTUGUESE,saiuS,125,breast:12
126,breast,ROMAGNOL_RAVENNATE,pE3t,126,breast:3
127,breast,ROMANIAN,pept,127,breast:4
128,breast,ROMANIAN_2,s3n,128,breast:13
129,breast,ROMANIAN_MEGLENO,Ciept,129,breast:4
130,breast,ROMANSH_GRISHUN,pET,130,breast:3
131,breast,ROMANSH_SURMIRAN,pET,131,breast:3
132,breast,ROMANSH_SURSILVAN,pEc,132,breast:3
133,breast,ROMANSH_VALLADER,pet,133,breast:4
134,breast,SARDINIAN,petus,134,breast:4
135,breast,SARDINIAN_CAMPIDANESE,pitura,135,breast:14
136,breast,SARDINIAN_LOGUDARESE,petora,136,breast:15
137,breast,SICILIAN_UnnamedInSource,petu,137,breast:4
138,breast,SPANISH,peCo,138,breast:9
139,breast,TURIA_AROMANIAN,caca,139,breast:16
140,breast,VLACH,keptu,140,breast:17
141,come,ALBANIAN_GHEG,yak3,141,come:0
142,come,ALBANIAN,viy,142,come:1
143,come,ALBANIAN_TOSK,viy,143,come:1
144,come,ARAGONESE,benir,144,come:2
145,come,ARPITAN,v35i,145,come:2
146,come,ASTURIAN,venir,146,come:2
147,come,CATALAN,b3ni,147,come:3
148,come,CATALAN_2,b3ni,148,come:3
149,come,CORSICAN,vEn,149,come:4
150,come,DALMATIAN,venar,150,come:2
151,come,EMILIANO_CARPIGIANO,5ir,151,come:2
152,come,EMILIANO_FERRARESE,5ir,152,come:2
153,come,EMILIANO_REGGIANO,5ir,153,come:2
154,come,FRENCH,v3ni,154,come:5
155,come,FRIULIAN,vi5ei,155,come:2
156,come,GALICIAN,bir,156,come:2
157,come,GASCON,biene,157,come:6
158,come,ITALIAN,vEn,158,come:4
159,come,ITALIAN_GROSSETO_TUSCAN,venire,159,come:2
160,come,JUDEO_ESPAGNOL,venir,160,come:2
161,come,LANGUEDOCIEN,bEni,161,come:3
162,come,LIGURIAN_GENOESE,ve5i,162,come:2
163,come,LIGURIAN_RAPALLO,ve5i,163,come:2
164,come,LIGURIAN_STELLA,ve5i,164,come:2
165,come,LOMBARD_BERGAMO,E5,165,come:7
166,come,LOMBARD_PLESIO,ve5i,166,come:2
167,come,NEAPOLITAN_CALABRESE,v3ni,167,come:5
168,come,NONES,vEnEr,168,come:8
169,come,NONES_FASSANO,ve5ir,169,come:2
170,come,NONES_GARDENESE,uni,170,come:9
171,come,OCCITAN_ARANESE,bie,171,come:10
172,come,PIEMONTESE_BARBANIA,vni,172,come:5
173,come,PIEMONTESE_CARMAGNOLA,vni,173,come:5
174,come,PIEMONTESE_LANZO_TORINESE,vni,174,come:5
175,come,PIEMONTESE_VERCELLESE,5i,175,come:2
176,come,PORTUGUESE,vir,176,come:2
177,come,ROMAGNOL_RAVENNATE,vni,177,come:5
178,come,ROMANIAN,ven,178,come:2
179,come,ROMANIAN_2,veny,179,come:2
180,come,ROMANIAN_MEGLENO,vin,180,come:11
181,come,ROMANSH_GRISHUN,v35ir,181,come:2
182,come,ROMANSH_SURMIRAN,nEkr,182,come:12
183,come,ROMANSH_SURSILVAN,ve5ir,183,come:2
184,come,ROMANSH_VALLADER,5ir,184,come:2
185,come,SARDINIAN,benere,185,come:2
186,come,SARDINIAN_CAMPIDANESE,bEni,186,come:3
187,come,SARDINIAN_LOGUDARESE,benere,187,come:2
188,come,SICILIAN_UnnamedInSource,veniri,188,come:2
189,come,SPANISH,veni,189,come:2
190,come,VLACH,gini,190,come:13
191,I,ALBANIAN_GHEG,un3,191,I:0
192,I,ALBANIAN,un3,192,I:0
193,I,ALBANIAN_TOSK,un3,193,I:0
194,I,ARAGONESE,yo,194,I:1
195,I,ARPITAN,Z3,195,I:2
196,I,ASTURIAN,yo,196,I:3
197,I,BALEAR_CATALAN,jo,197,I:4
198,I,CATALAN,Zo,198,I:5
199,I,CATALAN_2,Zo,199,I:5
200,I,CORSICAN,eyu,200,I:6
201,I,DALMATIAN,yu,201,I:7
202,I,EMILIANO_CARPIGIANO,mE,202,I:8
203,I,EMILIANO_FERRARESE,mi,203,I:9
204,I,EMILIANO_REGGIANO,me,204,I:10
205,I,FRENCH,j3,205,I:2
206,I,FRIULIAN,yo,206,I:11
207,I,GASCON,jo,207,I:4
208,I,ITALIAN,io,208,I:12
209,I,ITALIAN_GROSSETO_TUSCAN,io,209,I:13
210,I,JUDEO_ESPAGNOL,yo,210,I:14
211,I,LIGURIAN_GENOESE,mi,211,I:9
212,I,LIGURIAN_RAPALLO,mi,212,I:9
213,I,LIGURIAN_STELLA,mi,213,I:9
214,I,LOMBARD_BERGAMO,me,214,I:10
215,I,LOMBARD_PLESIO,mi,215,I:9
216,I,NEAPOLITAN_CALABRESE,iy3,216,I:15
217,I,NONES,mi,217,I:9
218,I,NONES_FASSANO,Ze,218,I:16
219,I,NONES_GARDENESE,ye,219,I:17
220,I,OCCITAN_ARANESE,Zu,220,I:18
221,I,PIEMONTESE_BARBANIA,mi,221,I:9
222,I,PIEMONTESE_CARMAGNOLA,mi,222,I:9
223,I,PIEMONTESE_LANZO_TORINESE,mi,223,I:9
224,I,PIEMONTESE_VERCELLESE,mi,224,I:9
225,I,PORTUGUESE,eu,225,I:19
226,I,ROMAGNOL_RAVENNATE,me,226,I:10
227,I,ROMANIAN_2,ew,227,I:20
228,I,ROMANIAN_MEGLENO,yo,228,I:21
229,I,ROMANSH_GRISHUN,yaw,229,I:22
230,I,ROMANSH_SURMIRAN,i3,230,I:23
231,I,ROMANSH_SURSILVAN,yEu,231,I:24
232,I,ROMANSH_VALLADER,Ew,232,I:25
233,I,SARDINIAN,deo,233,I:26
234,I,SARDINIAN_CAMPIDANESE,dEw,234,I:27
235,I,SARDINIAN_LOGUDARESE,deo,235,I:26
236,I,SICILIAN_UnnamedInSource,iu,236,I:28
237,I,SPANISH,yo,237,I:29
238,I,TURIA_AROMANIAN,yo,238,I:30
239,I,VALENCIAN,yo,239,I:31
240,I,VLACH,eu,240,I:19
241,you,ALBANIAN_GHEG,yu,241,you:0
242,you,ALBANIAN,ju,242,you:1
243,you,ALBANIAN_TOSK,ti,243,you:2
244,you,ARAGONESE,tu,244,you:3
245,you,ARPITAN,t3,245,you:4
246,you,ASTURIAN,tu,246,you:3
247,you,BALEAR_CATALAN,tu,247,you:3
248,you,CATALAN,tu,248,you:3
249,you,CATALAN_2,tu,249,you:3
250,you,CORSICAN,tu,250,you:3
251,you,DALMATIAN,tu,251,you:3
252,you,EMILIANO_CARPIGIANO,tE,252,you:5
253,you,EMILIANO_FERRARESE,ti,253,you:2
254,you,EMILIANO_REGGIANO,te,254,you:6
255,you,FRENCH,ti,255,you:2
256,you,FRIULIAN,tu,256,you:3
257,you,GALICIAN,ti,257,you:2
258,you,GASCON,ti,258,you:2
259,you,ITALIAN,tu,259,you:3
260,you,ITALIAN_GROSSETO_TUSCAN,te,260,you:6
261,you,JUDEO_ESPAGNOL,vos,261,you:7
262,you,LANGUEDOCIEN,ti,262,you:2
263,you,LIGURIAN_GENOESE,ti,263,you:2
264,you,LIGURIAN_RAPALLO,ti,264,you:2
265,you,LIGURIAN_STELLA,ti,265,you:2
266,you,LOMBARD_BERGAMO,te,266,you:6
267,you,LOMBARD_PLESIO,ti,267,you:2
268,you,NEAPOLITAN_CALABRESE,tu,268,you:3
269,you,NONES,ti,269,you:2
270,you,NONES_GARDENESE,tu,270,you:3
271,you,OCCITAN_ARANESE,ti,271,you:2
272,you,PIEMONTESE_BARBANIA,ti,272,you:2
273,you,PIEMONTESE_CARMAGNOLA,ti,273,you:2
274,you,PIEMONTESE_LANZO_TORINESE,ti,274,you:2
275,you,PIEMONTESE_VERCELLESE,ti,275,you:2
276,you,PORTUGUESE,tu,276,you:3
277,you,ROMAGNOL_RAVENNATE,te,277,you:6
278,you,ROMANIAN,tu,278,you:3
279,you,ROMANIAN_2,tu,279,you:3
280,you,ROMANIAN_MEGLENO,tu,280,you:3
281,you,ROMANSH_GRISHUN,ti,281,you:2
282,you,ROMANSH_SURMIRAN,te,282,you:6
283,you,ROMANSH_SURSILVAN,ti,283,you:2
284,you,ROMANSH_VALLADER,tu,284,you:3
285,you,SARDINIAN_CAMPIDANESE,tuy,285,you:8
286,you,SARDINIAN_LOGUDARESE,tue,286,you:9
287,you,SPANISH,ustet,287,you:10
288,you,TURIA_AROMANIAN,tini,288,you:11
289,you,VALENCIAN,tu,289,you:3
290,you,VLACH,tini,290,you:11
291,star,ALBANIAN_GHEG,iL,291,star:0
292,star,ALBANIAN,ill,292,star:1
293,star,ALBANIAN_TOSK,uL,293,star:2
294,star,ARAGONESE,estrela,294,star:3
295,star,ARPITAN,etela,295,star:3
296,star,ASTURIAN,estrella,296,star:3
297,star,BALEAR_CATALAN,3stEl,297,star:3
298,star,CATALAN,3streL3,298,star:3
299,star,CATALAN_2,3stEl,299,star:3
300,star,CORSICAN,Steda,300,star:3
301,star,DALMATIAN,stala,301,star:3
302,star,EMILIANO_CARPIGIANO,stEla,302,star:3
303,star,EMILIANO_FERRARESE,stEla,303,star:3
304,star,EMILIANO_REGGIANO,strEla,304,star:3
305,star,FRENCH,etol,305,star:4
306,star,FRIULIAN,stelE,306,star:3
307,star,GALICIAN,Estrela,307,star:3
308,star,GASCON,estero,308,star:3
309,star,ITALIAN,stella,309,star:3
310,star,ITALIAN_GROSSETO_TUSCAN,stela,310,star:3
311,star,JUDEO_ESPAGNOL,estreya,311,star:3
312,star,LANGUEDOCIEN,estelo,312,star:3
313,star,LIGURIAN_GENOESE,stela,313,star:3
314,star,LIGURIAN_RAPALLO,stela,314,star:3
315,star,LIGURIAN_STELLA,StEya,315,star:3
316,star,LOMBARD_BERGAMO,stEla,316,star:3
317,star,LOMBARD_PLESIO,StEla,317,star:3
318,star,NEAPOLITAN_CALABRESE,stel3,318,star:3
319,star,NONES_FASSANO,Steyla,319,star:3
320,star,NONES_GARDENESE,St3yla,320,star:3
321,star,OCCITAN_ARANESE,estelo,321,star:3
322,star,PIEMONTESE_BARBANIA,stEyla,322,star:3
323,star,PIEMONTESE_CARMAGNOLA,stEyla,323,star:3
324,star,PIEMONTESE_LANZO_TORINESE,stEyla,324,star:3
325,star,PIEMONTESE_VERCELLESE,stola,325,star:3
326,star,PORTUGUESE,3Strela,326,star:3
327,star,ROMAGNOL_RAVENNATE,ste3la,327,star:3
328,star,ROMANIAN,stea,328,star:3
329,star,ROMANIAN_2,stea,329,star:3
330,star,ROMANIAN_MEGLENO,stew3,330,star:3
331,star,ROMANSH_GRISHUN,Stayl3,331,star:3
332,star,ROMANSH_SURMIRAN,stEyl3,332,star:3
333,star,ROMANSH_SURSILVAN,Steil3,333,star:3
334,star,ROMANSH_VALLADER,stayl3,334,star:3
335,star,SARDINIAN,isteda,335,star:3
336,star,SARDINIAN_CAMPIDANESE,stEda,336,star:3
337,star,SARDINIAN_LOGUDARESE,isteda,337,star:3
338,star,SICILIAN_UnnamedInSource,stida,338,star:3
339,star,SPANISH,estreya,339,star:3
340,star,VALENCIAN,estrEla,340,star:3
341,star,VLACH,stiaua,341,star:3
342,bone,ALBANIAN_GHEG,aSt,342,bone:0
343,bone,ALBANIAN,aSt,343,bone:0
344,bone,ALBANIAN_TOSK,aSt,344,bone:0
345,bone,ARAGONESE,geso,345,bone:1
346,bone,ASTURIAN,uesu,346,bone:2
347,bone,BALEAR_CATALAN,os,347,bone:3
348,bone,CATALAN,os,348,bone:3
349,bone,CATALAN_2,os,349,bone:3
350,bone,CORSICAN,osu,350,bone:4
351,bone,DALMATIAN,vuas,351,bone:5
352,bone,EMILIANO_CARPIGIANO,os,352,bone:3
353,bone,EMILIANO_FERRARESE,os,353,bone:3
354,bone,EMILIANO_REGGIANO,os,354,bone:3
355,bone,FRENCH,os,355,bone:3
356,bone,FRIULIAN,ves,356,bone:6
357,bone,GALICIAN,oso,357,bone:7
358,bone,GASCON,os,358,bone:3
359,bone,ITALIAN,osso,359,bone:8
360,bone,ITALIAN_GROSSETO_TUSCAN,oso,360,bone:7
361,bone,JUDEO_ESPAGNOL,gueso,361,bone:1
362,bone,LANGUEDOCIEN,os,362,bone:3
363,bone,LIGURIAN_GENOESE,Esu,363,bone:9
364,bone,LIGURIAN_RAPALLO,osu,364,bone:4
365,bone,LIGURIAN_STELLA,osu,365,bone:4
366,bone,LOMBARD_BERGAMO,os,366,bone:3
367,bone,LOMBARD_PLESIO,os,367,bone:3
368,bone,NEAPOLITAN_CALABRESE,wos3,368,bone:10
369,bone,NONES,os,369,bone:3
370,bone,NONES_FASSANO,os,370,bone:3
371,bone,NONES_GARDENESE,os,371,bone:3
372,bone,OCCITAN_ARANESE,os,372,bone:3
373,bone,PIEMONTESE_BARBANIA,os,373,bone:3
374,bone,PIEMONTESE_CARMAGNOLA,os,374,bone:3
375,bone,PIEMONTESE_LANZO_TORINESE,os,375,bone:3
376,bone,PIEMONTESE_VERCELLESE,os,376,bone:3
377,bone,PORTUGUESE,osu,377,bone:4
378,bone,ROMAGNOL_RAVENNATE,os,378,bone:3
379,bone,ROMANIAN,os,379,bone:3
380,bone,ROMANIAN_2,os,380,bone:3
381,bone,ROMANIAN_MEGLENO,wos,381,bone:10
382,bone,ROMANSH_GRISHUN,os,382,bone:3
383,bone,ROMANSH_SURMIRAN,os,383,bone:3
384,bone,ROMANSH_SURSILVAN,ies,384,bone:11
385,bone,ROMANSH_VALLADER,os,385,bone:3
386,bone,SARDINIAN,osu,386,bone:4
387,bone,SARDINIAN_CAMPIDANESE,osu,387,bone:4
388,bone,SARDINIAN_LOGUDARESE,osu,388,bone:4
389,bone,SICILIAN_UnnamedInSource,osu,389,bone:4
390,bone,SPANISH,weso,390,bone:1
391,bone,TURIA_AROMANIAN,os,391,bone:3
392,bone,VALENCIAN,os,392,bone:3
393,new,ALBANIAN_GHEG,ri,393,new:0
394,new,ALBANIAN,iri,394,new:1
395,new,ALBANIAN_TOSK,ri,395,new:0
396,new,ARAGONESE,nuebo,396,new:2
397,new,ARPITAN,novo,397,new:3
398,new,ASTURIAN,nuevu,398,new:2
399,new,BALEAR_CATALAN,now,399,new:4
400,new,CATALAN,nou,400,new:5
401,new,CATALAN_2,now,401,new:4
402,new,DALMATIAN,nuf,402,new:6
403,new,EMILIANO_CARPIGIANO,nov,403,new:3
404,new,EMILIANO_FERRARESE,nov,404,new:3
405,new,EMILIANO_REGGIANO,nov,405,new:3
406,new,FRENCH,nuvo,406,new:2
407,new,FRIULIAN,5ouf,407,new:7
408,new,GALICIAN,nobo,408,new:3
409,new,GASCON,nau,409,new:8
410,new,ITALIAN,nwovo,410,new:3
411,new,ITALIAN_GROSSETO_TUSCAN,novo,411,new:3
412,new,JUDEO_ESPAGNOL,muevo,412,new:2
413,new,LANGUEDOCIEN,naw,413,new:9
414,new,LIGURIAN_GENOESE,nEvu,414,new:10
415,new,LIGURIAN_RAPALLO,nEvu,415,new:10
416,new,LIGURIAN_STELLA,nEvu,416,new:10
417,new,LOMBARD_BERGAMO,nof,417,new:11
418,new,LOMBARD_PLESIO,nof,418,new:11
419,new,NEAPOLITAN_CALABRESE,nwov3,419,new:3
420,new,NONES,neo,420,new:12
421,new,NONES_FASSANO,nef,421,new:13
422,new,NONES_GARDENESE,nwef,422,new:13
423,new,OCCITAN_ARANESE,nau,423,new:8
424,new,PIEMONTESE_BARBANIA,nov,424,new:3
425,new,PIEMONTESE_CARMAGNOLA,now,425,new:4
426,new,PIEMONTESE_LANZO_TORINESE,nov,426,new:3
427,new,PIEMONTESE_VERCELLESE,nof,427,new:11
428,new,PORTUGUESE,novu,428,new:10
429,new,ROMAGNOL_RAVENNATE,no3v,429,new:3
430,new,ROMANIAN,nou,430,new:5
431,new,ROMANIAN_2,now,431,new:4
432,new,ROMANIAN_MEGLENO,now,432,new:4
433,new,ROMANSH_GRISHUN,nof,433,new:11
434,new,ROMANSH_SURMIRAN,nof,434,new:11
435,new,ROMANSH_SURSILVAN,nief,435,new:13
436,new,ROMANSH_VALLADER,nowf,436,new:4
437,new,SARDINIAN,nou,437,new:5
438,new,SARDINIAN_CAMPIDANESE,now,438,new:4
439,new,SARDINIAN_LOGUDARESE,novu,439,new:10
440,new,SICILIAN_UnnamedInSource,novu,440,new:10
441,new,SPANISH,nuevo,441,new:2
442,new,VALENCIAN,now,442,new:4
443,new,VLACH,nou,443,new:5
444,full,ALBANIAN_GHEG,cit3,444,full:0
445,full,ALBANIAN,embuSurplotme,445,full:1
446,full,ALBANIAN_TOSK,plot3,446,full:2
447,full,ARAGONESE,pleno,447,full:3
448,full,ARPITAN,plE,448,full:4
449,full,ASTURIAN,Leno,449,full:5
450,full,BALEAR_CATALAN,plE,450,full:4
451,full,CATALAN,plE,451,full:4
452,full,CATALAN_2,plE,452,full:4
453,full,DALMATIAN,plain,453,full:6
454,full,EMILIANO_CARPIGIANO,pin,454,full:6
455,full,EMILIANO_FERRARESE,pin,455,full:6
456,full,EMILIANO_REGGIANO,pin,456,full:6
457,full,FRENCH,pl3,457,full:7
458,full,FRIULIAN,plen,458,full:3
459,full,GALICIAN,Ceo,459,full:8
460,full,GASCON,ple,460,full:3
461,full,ITALIAN,pyEno,461,full:9
462,full,ITALIAN_GROSSETO_TUSCAN,pyEno,462,full:9
463,full,JUDEO_ESPAGNOL,yeno,463,full:5
464,full,LANGUEDOCIEN,ple,464,full:3
465,full,LIGURIAN_GENOESE,piN,465,full:10
466,full,LIGURIAN_RAPALLO,piN,466,full:10
467,full,LIGURIAN_STELLA,CEN,467,full:11
468,full,LOMBARD_BERGAMO,pye,468,full:12
469,full,LOMBARD_PLESIO,pyee,469,full:13
470,full,NEAPOLITAN_CALABRESE,kin3,470,full:14
471,full,NONES,plen,471,full:3
472,full,NONES_FASSANO,pye5,472,full:13
473,full,NONES_GARDENESE,pl35,473,full:7
474,full,OCCITAN_ARANESE,pleN,474,full:3
475,full,PIEMONTESE_BARBANIA,pyEN,475,full:15
476,full,PIEMONTESE_CARMAGNOLA,pyEN,476,full:15
477,full,PIEMONTESE_LANZO_TORINESE,pyEN,477,full:15
478,full,PIEMONTESE_VERCELLESE,piN,478,full:10
479,full,PORTUGUESE,Seyu,479,full:16
480,full,ROMAGNOL_RAVENNATE,pin,480,full:6
481,full,ROMANIAN,plin,481,full:6
482,full,ROMANIAN_2,plin,482,full:6
483,full,ROMANIAN_MEGLENO,plin,483,full:6
484,full,ROMANSH_GRISHUN,playn,484,full:7
485,full,ROMANSH_SURMIRAN,pla5,485,full:7
486,full,ROMANSH_SURSILVAN,plein,486,full:6
487,full,ROMANSH_VALLADER,playn,487,full:7
488,full,SARDINIAN,prenu,488,full:17
489,full,SARDINIAN_CAMPIDANESE,prenu,489,full:17
490,full,SARDINIAN_LOGUDARESE,prenu,490,full:17
491,full,SICILIAN_UnnamedInSource,Cinu,491,full:18
492,full,SPANISH,yeno,492,full:5
493,full,VALENCIAN,plE,493,full:4
494,full,VLACH,mplinu,494,full:6
495,horn,ALBANIAN_GHEG,bri,495,horn:0
496,horn,ALBANIAN,bri,496,horn:0
497,horn,ALBANIAN_TOSK,bri,497,horn:0
498,horn,ARAGONESE,kerno,498,horn:1
499,horn,ASTURIAN,kuernu,499,horn:1
500,horn,BALEAR_CATALAN,ba53,500,horn:2
501,horn,CATALAN,korn,501,horn:1
502,horn,CATALAN_2,ba53,502,horn:2
503,horn,CORSICAN,kori,503,horn:3
504,horn,DALMATIAN,kuarN,504,horn:4
505,horn,EMILIANO_CARPIGIANO,koren,505,horn:1
506,horn,EMILIANO_FERRARESE,koran,506,horn:1
507,horn,EMILIANO_REGGIANO,koren,507,horn:1
508,horn,FRENCH,korn,508,horn:1
509,horn,FRIULIAN,kar,509,horn:5
510,horn,GALICIAN,korno,510,horn:1
511,horn,GASCON,korno,511,horn:1
512,horn,ITALIAN,korno,512,horn:1
513,horn,ITALIAN_GROSSETO_TUSCAN,korno,513,horn:1
514,horn,JUDEO_ESPAGNOL,kuerno,514,horn:1
515,horn,LANGUEDOCIEN,korno,515,horn:1
516,horn,LIGURIAN_GENOESE,kornu,516,horn:1
517,horn,LIGURIAN_RAPALLO,kornu,517,horn:1
518,horn,LIGURIAN_STELLA,kornu,518,horn:1
519,horn,LOMBARD_BERGAMO,koren,519,horn:1
520,horn,LOMBARD_PLESIO,kornu,520,horn:1
521,horn,NEAPOLITAN_CALABRESE,korn3,521,horn:1
522,horn,NONES,korn,522,horn:1
523,horn,NONES_FASSANO,korn,523,horn:1
524,horn,NONES_GARDENESE,korn,524,horn:1
525,horn,OCCITAN_ARANESE,korno,525,horn:1
526,horn,PIEMONTESE_BARBANIA,korn,526,horn:1
527,horn,PIEMONTESE_CARMAGNOLA,korn,527,horn:1
528,horn,PIEMONTESE_LANZO_TORINESE,korn,528,horn:1
529,horn,PIEMONTESE_VERCELLESE,kornu,529,horn:1
530,horn,PORTUGUESE,Sifr3,530,horn:6
531,horn,ROMAGNOL_RAVENNATE,ko3ran,531,horn:1
532,horn,ROMANIAN,korn,532,horn:1
533,horn,ROMANIAN_2,korn,533,horn:1
534,horn,ROMANIAN_MEGLENO,korn,534,horn:1
535,horn,ROMANSH_GRISHUN,korn3,535,horn:1
536,horn,ROMANSH_SURMIRAN,korn3,536,horn:1
537,horn,ROMANSH_SURSILVAN,Ciern,537,horn:7
538,horn,ROMANSH_VALLADER,korn3,538,horn:1
539,horn,SARDINIAN,koru,539,horn:1
540,horn,SARDINIAN_CAMPIDANESE,koru,540,horn:1
541,horn,SARDINIAN_LOGUDARESE,koru,541,horn:1
542,horn,SICILIAN_UnnamedInSource,kornutu,542,horn:1
543,horn,SPANISH,kerno,543,horn:1
544,horn,TURIA_AROMANIAN,kornu,544,horn:1
545,horn,VALENCIAN,ba5a,545,horn:2
546,leaf,ALBANIAN_GHEG,flet3,546,leaf:0
547,leaf,ALBANIAN,Tethe,547,leaf:1
548,leaf,ALBANIAN_TOSK,flEt3,548,leaf:0
549,leaf,ARAGONESE,fueLa,549,leaf:2
550,leaf,ARPITAN,foL3,550,leaf:3
551,leaf,ASTURIAN,fueya,551,leaf:2
552,leaf,BALEAR_CATALAN,fuL3,552,leaf:3
553,leaf,CATALAN,fuL3,553,leaf:3
554,leaf,CATALAN_2,fuL3,554,leaf:3
555,leaf,CORSICAN,foLa,555,leaf:2
556,leaf,DALMATIAN,fuaLa,556,leaf:2
557,leaf,EMILIANO_CARPIGIANO,foya,557,leaf:2
558,leaf,EMILIANO_FERRARESE,foya,558,leaf:2
559,leaf,EMILIANO_REGGIANO,foya,559,leaf:2
560,leaf,FRENCH,f3y,560,leaf:4
561,leaf,FRIULIAN,feE,561,leaf:5
562,leaf,GALICIAN,foLa,562,leaf:2
563,leaf,GASCON,wueyo,563,leaf:6
564,leaf,ITALIAN,foLa,564,leaf:2
565,leaf,ITALIAN_GROSSETO_TUSCAN,foLa,565,leaf:2
566,leaf,JUDEO_ESPAGNOL,oxa,566,leaf:2
567,leaf,LANGUEDOCIEN,fiElo,567,leaf:7
568,leaf,LIGURIAN_GENOESE,foya,568,leaf:2
569,leaf,LIGURIAN_RAPALLO,foya,569,leaf:2
570,leaf,LIGURIAN_STELLA,fEya,570,leaf:2
571,leaf,LOMBARD_BERGAMO,foya,571,leaf:2
572,leaf,LOMBARD_PLESIO,foya,572,leaf:2
573,leaf,NEAPOLITAN_CALABRESE,foy3,573,leaf:2
574,leaf,NONES,foya,574,leaf:2
575,leaf,NONES_FASSANO,foa,575,leaf:2
576,leaf,NONES_GARDENESE,pleCa,576,leaf:8
577,leaf,OCCITAN_ARANESE,ueLo,577,leaf:9
578,leaf,PIEMONTESE_BARBANIA,foya,578,leaf:2
579,leaf,PIEMONTESE_CARMAGNOLA,foya,579,leaf:2
580,leaf,PIEMONTESE_LANZO_TORINESE,foya,580,leaf:2
581,leaf,PIEMONTESE_VERCELLESE,foya,581,leaf:2
582,leaf,PORTUGUESE,foLa,582,leaf:2
583,leaf,ROMAGNOL_RAVENNATE,foya,583,leaf:2
584,leaf,ROMANIAN,frunz3,584,leaf:3
585,leaf,ROMANIAN_2,foaie,585,leaf:10
586,leaf,ROMANIAN_MEGLENO,frunz3,586,leaf:3
587,leaf,ROMANSH_GRISHUN,feL,587,leaf:11
588,leaf,ROMANSH_SURMIRAN,fiL,588,leaf:12
589,leaf,ROMANSH_SURSILVAN,fEL,589,leaf:13
590,leaf,ROMANSH_VALLADER,foL3,590,leaf:3
591,leaf,SARDINIAN,foza,591,leaf:2
592,leaf,SARDINIAN_CAMPIDANESE,fola,592,leaf:2
593,leaf,SARDINIAN_LOGUDARESE,foZa,593,leaf:2
594,leaf,SICILIAN_UnnamedInSource,fogia,594,leaf:2
595,leaf,SPANISH,oha,595,leaf:2
596,leaf,VALENCIAN,fuLa,596,leaf:2
597,fire,ALBANIAN_GHEG,zyarm,597,fire:0
598,fire,ALBANIAN,ndez,598,fire:1
599,fire,ALBANIAN_TOSK,zar,599,fire:0
600,fire,ARAGONESE,fuego,600,fire:2
601,fire,ASTURIAN,fueu,601,fire:3
602,fire,BALEAR_CATALAN,foT,602,fire:4
603,fire,CATALAN,fok,603,fire:4
604,fire,CATALAN_2,fok,604,fire:4
605,fire,CORSICAN,fogu,605,fire:4
606,fire,DALMATIAN,fuk,606,fire:2
607,fire,EMILIANO_CARPIGIANO,fog,607,fire:4
608,fire,EMILIANO_FERRARESE,fog,608,fire:4
609,fire,EMILIANO_REGGIANO,fog,609,fire:4
610,fire,FRENCH,fe,610,fire:5
611,fire,FRIULIAN,fouk,611,fire:4
612,fire,GALICIAN,lume,612,fire:6
613,fire,GASCON,huek,613,fire:7
614,fire,ITALIAN,fwoko,614,fire:4
615,fire,ITALIAN_GROSSETO_TUSCAN,foko,615,fire:4
616,fire,JUDEO_ESPAGNOL,fuego,616,fire:2
617,fire,LANGUEDOCIEN,fiok,617,fire:4
618,fire,LIGURIAN_GENOESE,fEgu,618,fire:4
619,fire,LIGURIAN_RAPALLO,fEgu,619,fire:4
620,fire,LIGURIAN_STELLA,fE,620,fire:8
621,fire,LOMBARD_BERGAMO,fok,621,fire:4
622,fire,LOMBARD_PLESIO,fok,622,fire:4
623,fire,NEAPOLITAN_CALABRESE,fok3,623,fire:4
624,fire,NONES,fec,624,fire:9
625,fire,NONES_FASSANO,fek,625,fire:9
626,fire,NONES_GARDENESE,fwek,626,fire:9
627,fire,OCCITAN_ARANESE,uek,627,fire:7
628,fire,PIEMONTESE_BARBANIA,fo,628,fire:10
629,fire,PIEMONTESE_CARMAGNOLA,fo,629,fire:10
630,fire,PIEMONTESE_LANZO_TORINESE,fo,630,fire:10
631,fire,PIEMONTESE_VERCELLESE,fok,631,fire:4
632,fire,PORTUGUESE,fogu,632,fire:4
633,fire,ROMAGNOL_RAVENNATE,fug,633,fire:2
634,fire,ROMANIAN,fok,634,fire:4
635,fire,ROMANIAN_2,fok,635,fire:4
636,fire,ROMANIAN_MEGLENO,fok,636,fire:4
637,fire,ROMANSH_GRISHUN,fyew,637,fire:11
638,fire,ROMANSH_SURMIRAN,fi,638,fire:12
639,fire,ROMANSH_SURSILVAN,fug,639,fire:2
640,fire,ROMANSH_VALLADER,fo,640,fire:10
641,fire,SARDINIAN,fogu,641,fire:4
642,fire,SARDINIAN_CAMPIDANESE,foxu,642,fire:4
643,fire,SARDINIAN_LOGUDARESE,fogu,643,fire:4
644,fire,SICILIAN_UnnamedInSource,foku,644,fire:4
645,fire,SPANISH,fuego,645,fire:2
646,fire,VALENCIAN,fok,646,fire:4
647,fire,VLACH,foku,647,fire:4
648,water,ALBANIAN_GHEG,uy3,648,water:0
649,water,ALBANIAN,uj3,649,water:0
650,water,ALBANIAN_TOSK,uy3,650,water:0
651,water,ARAGONESE,auga,651,water:1
652,water,ARPITAN,Ewa,652,water:2
653,water,ASTURIAN,agua,653,water:1
654,water,BALEAR_CATALAN,aigo,654,water:3
655,water,CATALAN,aix3,655,water:4
656,water,CATALAN_2,aix3,656,water:4
657,water,CORSICAN,akwa,657,water:5
658,water,DALMATIAN,yakua,658,water:6
659,water,EMILIANO_CARPIGIANO,akwa,659,water:5
660,water,EMILIANO_FERRARESE,akwa,660,water:5
661,water,EMILIANO_REGGIANO,akva,661,water:5
662,water,FRENCH,o,662,water:7
663,water,FRIULIAN,agE,663,water:8
664,water,GALICIAN,auga,664,water:1
665,water,GASCON,aigo,665,water:3
666,water,ITALIAN,akwa,666,water:5
667,water,ITALIAN_GROSSETO_TUSCAN,akwa,667,water:5
668,water,JUDEO_ESPAGNOL,agua,668,water:1
669,water,LANGUEDOCIEN,aygo,669,water:3
670,water,LIGURIAN_GENOESE,egwa,670,water:2
671,water,LIGURIAN_RAPALLO,Egwa,671,water:2
672,water,LIGURIAN_STELLA,Egwa,672,water:2
673,water,LOMBARD_BERGAMO,akwa,673,water:5
674,water,LOMBARD_PLESIO,akwa,674,water:5
675,water,NEAPOLITAN_CALABRESE,akw3,675,water:5
676,water,NONES,aka,676,water:5
677,water,NONES_GARDENESE,Ega,677,water:2
678,water,OCCITAN_ARANESE,aixuo,678,water:3
679,water,PIEMONTESE_BARBANIA,Eva,679,water:2
680,water,PIEMONTESE_CARMAGNOLA,eva,680,water:9
681,water,PIEMONTESE_LANZO_TORINESE,eva,681,water:9
682,water,PIEMONTESE_VERCELLESE,akwa,682,water:5
683,water,PORTUGUESE,Ega,683,water:2
684,water,ROMAGNOL_RAVENNATE,akva,684,water:5
685,water,ROMANIAN,ap3,685,water:10
686,water,ROMANIAN_2,ap3,686,water:10
687,water,ROMANIAN_MEGLENO,apu,687,water:11
688,water,ROMANSH_GRISHUN,aw3,688,water:4
689,water,ROMANSH_SURMIRAN,av3,689,water:4
690,water,ROMANSH_VALLADER,aw3,690,water:4
691,water,SARDINIAN,aba,691,water:12
692,water,SARDINIAN_CAMPIDANESE,aba,692,water:12
693,water,SARDINIAN_LOGUDARESE,aba,693,water:12
694,water,SICILIAN_UnnamedInSource,aka,694,water:5
695,water,SPANISH,aga,695,water:1
696,water,TURIA_AROMANIAN,apa,696,water:13
697,water,VALENCIAN,aixa,697,water:4
698,water,VLACH,apa,698,water:13
699,dog,ALBANIAN_GHEG,qen,699,dog:0
700,dog,ALBANIAN,Ten,700,dog:0
701,dog,ALBANIAN_TOSK,TEn,701,dog:0
702,dog,ARAGONESE,kan,702,dog:1
703,dog,ARPITAN,Si,703,dog:2
704,dog,ASTURIAN,perru,704,dog:3
705,dog,BALEAR_CATALAN,ka,705,dog:4
706,dog,CATALAN,gos,706,dog:5
707,dog,CATALAN_2,gos,707,dog:5
708,dog,CORSICAN,Takaru,708,dog:6
709,dog,DALMATIAN,kuoN,709,dog:7
710,dog,EMILIANO_CARPIGIANO,kaN,710,dog:8
711,dog,EMILIANO_FERRARESE,kan,711,dog:1
712,dog,EMILIANO_REGGIANO,kan,712,dog:1
713,dog,FRENCH,Sia,713,dog:9
714,dog,FRIULIAN,CaN,714,dog:8
715,dog,GALICIAN,kan,715,dog:1
716,dog,GASCON,ka,716,dog:4
717,dog,ITALIAN,kane,717,dog:1
718,dog,ITALIAN_GROSSETO_TUSCAN,kane,718,dog:1
719,dog,JUDEO_ESPAGNOL,perro,719,dog:3
720,dog,LANGUEDOCIEN,ka,720,dog:4
721,dog,LIGURIAN_GENOESE,kaN,721,dog:8
722,dog,LIGURIAN_RAPALLO,kaN,722,dog:8
723,dog,LIGURIAN_STELLA,kaN,723,dog:8
724,dog,LOMBARD_BERGAMO,ka,724,dog:4
725,dog,LOMBARD_PLESIO,kaN,725,dog:8
726,dog,NEAPOLITAN_CALABRESE,kan3,726,dog:1
727,dog,NONES,cain,727,dog:1
728,dog,NONES_FASSANO,Ta5,728,dog:8
729,dog,NONES_GARDENESE,Ta5,729,dog:8
730,dog,OCCITAN_ARANESE,kaN,730,dog:8
731,dog,PIEMONTESE_BARBANIA,kaN,731,dog:8
732,dog,PIEMONTESE_CARMAGNOLA,kaN,732,dog:8
733,dog,PIEMONTESE_LANZO_TORINESE,kaN,733,dog:8
734,dog,PIEMONTESE_VERCELLESE,kaN,734,dog:8
735,dog,PORTUGUESE,kau,735,dog:10
736,dog,ROMAGNOL_RAVENNATE,kan,736,dog:1
737,dog,ROMANIAN,k3ne,737,dog:1
738,dog,ROMANIAN_2,kaine,738,dog:1
739,dog,ROMANIAN_MEGLENO,koyni,739,dog:11
740,dog,ROMANSH_GRISHUN,Tawn,740,dog:1
741,dog,ROMANSH_SURMIRAN,TaN,741,dog:8
742,dog,ROMANSH_SURSILVAN,Caun,742,dog:1
743,dog,ROMANSH_VALLADER,San,743,dog:1
744,dog,SARDINIAN,kane,744,dog:1
745,dog,SARDINIAN_CAMPIDANESE,kai,745,dog:1
746,dog,SARDINIAN_LOGUDARESE,kane,746,dog:1
747,dog,SICILIAN_UnnamedInSource,kani,747,dog:1
748,dog,SPANISH,pero,748,dog:3
749,dog,VALENCIAN,gos,749,dog:5
750,tree,ALBANIAN_GHEG,dru,750,tree:0
751,tree,ALBANIAN,dru,751,tree:0
752,tree,ALBANIAN_TOSK,pEm3,752,tree:1
753,tree,ARAGONESE,arbol,753,tree:2
754,tree,ARPITAN,abro,754,tree:3
755,tree,ASTURIAN,arbol,755,tree:2
756,tree,BALEAR_CATALAN,abr3,756,tree:3
757,tree,CATALAN,abr3,757,tree:3
758,tree,CATALAN_2,abr3,758,tree:3
759,tree,CORSICAN,arburu,759,tree:2
760,tree,DALMATIAN,yarbur,760,tree:2
761,tree,EMILIANO_CARPIGIANO,elber,761,tree:4
762,tree,EMILIANO_FERRARESE,arbul,762,tree:2
763,tree,EMILIANO_REGGIANO,Elber,763,tree:4
764,tree,FRENCH,arbr3,764,tree:2
765,tree,FRIULIAN,arbul,765,tree:2
766,tree,GALICIAN,arbore,766,tree:2
767,tree,GASCON,arbe,767,tree:2
768,tree,ITALIAN,albero,768,tree:4
769,tree,ITALIAN_GROSSETO_TUSCAN,pyanta,769,tree:5
770,tree,JUDEO_ESPAGNOL,arvole,770,tree:2
771,tree,LANGUEDOCIEN,arbre,771,tree:2
772,tree,LIGURIAN_GENOESE,erbu,772,tree:6
773,tree,LIGURIAN_RAPALLO,Erbu,773,tree:6
774,tree,LIGURIAN_STELLA,Erbu,774,tree:6
775,tree,LOMBARD_BERGAMO,pyanta,775,tree:5
776,tree,LOMBARD_PLESIO,pyanta,776,tree:5
777,tree,NEAPOLITAN_CALABRESE,ab3r3,777,tree:3
778,tree,NONES,arbol,778,tree:2
779,tree,NONES_GARDENESE,l3N,779,tree:7
780,tree,OCCITAN_ARANESE,arbe,780,tree:2
781,tree,PIEMONTESE_BARBANIA,Erbu,781,tree:6
782,tree,PIEMONTESE_CARMAGNOLA,Erbu,782,tree:6
783,tree,PIEMONTESE_LANZO_TORINESE,pyaNta,783,tree:5
784,tree,PIEMONTESE_VERCELLESE,pyaNta,784,tree:5
785,tree,PORTUGUESE,Ervur3,785,tree:2
786,tree,ROMAGNOL_RAVENNATE,e3lbar,786,tree:4
787,tree,ROMANIAN,pom,787,tree:8
788,tree,ROMANIAN_2,arbore,788,tree:2
789,tree,ROMANIAN_MEGLENO,arbur,789,tree:2
790,tree,ROMANSH_GRISHUN,plant3,790,tree:5
791,tree,ROMANSH_SURMIRAN,plant3,791,tree:5
792,tree,ROMANSH_SURSILVAN,plont3,792,tree:5
793,tree,ROMANSH_VALLADER,bEsS,793,tree:9
794,tree,SARDINIAN,arvure,794,tree:2
795,tree,SARDINIAN_CAMPIDANESE,mata,795,tree:10
796,tree,SARDINIAN_LOGUDARESE,arvure,796,tree:2
797,tree,SICILIAN_UnnamedInSource,arbulu,797,tree:2
798,tree,SPANISH,arbol,798,tree:2
799,tree,VALENCIAN,arbre,799,tree:2
800,tree,VLACH,arbor,800,tree:2
801,path,ALBANIAN_GHEG,kap8,801,path:0
802,path,ALBANIAN,Steg,802,path:1
803,path,ALBANIAN_TOSK,StEg,803,path:1
804,path,ARAGONESE,kamin,804,path:2
805,path,ARPITAN,Sami,805,path:2
806,path,ASTURIAN,kamin,806,path:2
807,path,BALEAR_CATALAN,k3mi,807,path:2
808,path,CATALAN,k3mi,808,path:2
809,path,CATALAN_2,k3mi,809,path:2
810,path,CORSICAN,Strada,810,path:3
811,path,DALMATIAN,kal,811,path:2
812,path,EMILIANO_CARPIGIANO,strEda,812,path:3
813,path,EMILIANO_FERRARESE,strada,813,path:3
814,path,EMILIANO_REGGIANO,strEda,814,path:3
815,path,FRENCH,rut,815,path:4
816,path,FRIULIAN,stradE,816,path:3
817,path,GALICIAN,Estrada,817,path:3
818,path,GASCON,kami,818,path:2
819,path,ITALIAN,sentyaro,819,path:5
820,path,ITALIAN_GROSSETO_TUSCAN,strada,820,path:3
821,path,JUDEO_ESPAGNOL,kamino,821,path:2
822,path,LANGUEDOCIEN,kami,822,path:2
823,path,LIGURIAN_GENOESE,strada,823,path:3
824,path,LIGURIAN_RAPALLO,strada,824,path:3
825,path,LIGURIAN_STELLA,Stro,825,path:6
826,path,LOMBARD_BERGAMO,strada,826,path:3
827,path,LOMBARD_PLESIO,Strada,827,path:3
828,path,NEAPOLITAN_CALABRESE,strat3,828,path:3
829,path,NONES,strada,829,path:3
830,path,NONES_FASSANO,StrEda,830,path:3
831,path,NONES_GARDENESE,StrEda,831,path:3
832,path,OCCITAN_ARANESE,kursEro,832,path:7
833,path,PIEMONTESE_BARBANIA,stra,833,path:3
834,path,PIEMONTESE_CARMAGNOLA,stra,834,path:3
835,path,PIEMONTESE_LANZO_TORINESE,stra,835,path:3
836,path,PIEMONTESE_VERCELLESE,stra,836,path:3
837,path,PORTUGUESE,seda,837,path:8
838,path,ROMAGNOL_RAVENNATE,stre3,838,path:3
839,path,ROMANIAN,k3rare,839,path:9
840,path,ROMANIAN_2,cale,840,path:10
841,path,ROMANIAN_MEGLENO,drum,841,path:11
842,path,ROMANSH_GRISHUN,vi3,842,path:12
843,path,ROMANSH_SURMIRAN,vey3,843,path:13
844,path,ROMANSH_SURSILVAN,sEnd3,844,path:14
845,path,ROMANSH_VALLADER,vi3,845,path:12
846,path,SARDINIAN,istrada,846,path:3
847,path,SARDINIAN_CAMPIDANESE,aruxa,847,path:15
848,path,SARDINIAN_LOGUDARESE,istrada,848,path:3
849,path,SICILIAN_UnnamedInSource,strata,849,path:3
850,path,SPANISH,senda,850,path:8
851,path,TURIA_AROMANIAN,kali,851,path:2
852,path,VALENCIAN,kami,852,path:2
853,hear,ALBANIAN_GHEG,d3goy,853,hear:0
854,hear,ALBANIAN,d3gyoy,854,hear:0
855,hear,ALBANIAN_TOSK,d3Toy,855,hear:0
856,hear,ARAGONESE,sentir,856,hear:1
857,hear,ARPITAN,ekota,857,hear:2
858,hear,ASTURIAN,oyer,858,hear:3
859,hear,BALEAR_CATALAN,s3nti,859,hear:1
860,hear,CATALAN,s3nti,860,hear:1
861,hear,CATALAN_2,s3nti,861,hear:1
862,hear,CORSICAN,sEnt,862,hear:1
863,hear,DALMATIAN,sentar,863,hear:1
864,hear,EMILIANO_CARPIGIANO,siNtir,864,hear:1
865,hear,EMILIANO_FERRARESE,sintir,865,hear:1
866,hear,EMILIANO_REGGIANO,sEynter,866,hear:4
867,hear,FRENCH,otadr,867,hear:5
868,hear,FRIULIAN,sintei,868,hear:1
869,hear,GALICIAN,oir,869,hear:6
870,hear,GASCON,auzi,870,hear:7
871,hear,ITALIAN,ud,871,hear:8
872,hear,ITALIAN_GROSSETO_TUSCAN,sentire,872,hear:1
873,hear,JUDEO_ESPAGNOL,oir,873,hear:6
874,hear,LANGUEDOCIEN,awzi,874,hear:9
875,hear,LIGURIAN_GENOESE,seNti,875,hear:1
876,hear,LIGURIAN_RAPALLO,seNti,876,hear:1
877,hear,LIGURIAN_STELLA,seNti,877,hear:1
878,hear,LOMBARD_BERGAMO,sinti,878,hear:1
879,hear,LOMBARD_PLESIO,senti,879,hear:1
880,hear,NEAPOLITAN_CALABRESE,s3nti,880,hear:1
881,hear,NONES,senir,881,hear:1
882,hear,NONES_FASSANO,sentir,882,hear:1
883,hear,NONES_GARDENESE,awdi,883,hear:9
884,hear,OCCITAN_ARANESE,enene,884,hear:10
885,hear,PIEMONTESE_BARBANIA,sENte,885,hear:4
886,hear,PIEMONTESE_CARMAGNOLA,sENte,886,hear:4
887,hear,PIEMONTESE_LANZO_TORINESE,sENte,887,hear:4
888,hear,PIEMONTESE_VERCELLESE,seNti,888,hear:1
889,hear,PORTUGUESE,ov,889,hear:11
890,hear,ROMAGNOL_RAVENNATE,sinti,890,hear:1
891,hear,ROMANIAN,auz,891,hear:7
892,hear,ROMANIAN_2,auzy,892,hear:7
893,hear,ROMANIAN_MEGLENO,ut,893,hear:12
894,hear,ROMANSH_GRISHUN,udir,894,hear:13
895,hear,ROMANSH_SURMIRAN,santkEr,895,hear:14
896,hear,ROMANSH_SURSILVAN,udir,896,hear:13
897,hear,ROMANSH_VALLADER,dudir,897,hear:13
898,hear,SARDINIAN,intendere,898,hear:15
899,hear,SARDINIAN_CAMPIDANESE,intEndi,899,hear:16
900,hear,SARDINIAN_LOGUDARESE,intendere,900,hear:15
901,hear,SICILIAN_UnnamedInSource,sentiri,901,hear:1
902,hear,SPANISH,oir,902,hear:6
903,hear,VALENCIAN,sentir,903,hear:1
904,hear,VLACH,aseultu,904,hear:17
905,night,ALBANIAN_GHEG,nat3,905,night:0
906,night,ALBANIAN,nat3,906,night:0
907,night,ALBANIAN_TOSK,nat3,907,night:0
908,night,ARAGONESE,nueit,908,night:1
909,night,ARPITAN,nE,909,night:2
910,night,ASTURIAN,nueCe,910,night:3
911,night,BALEAR_CATALAN,nit,911,night:4
912,night,CATALAN,nit,912,night:4
913,night,CATALAN_2,nit,913,night:4
914,night,CORSICAN,noti,914,night:5
915,night,DALMATIAN,nuat,915,night:6
916,night,EMILIANO_CARPIGIANO,not,916,night:5
917,night,EMILIANO_FERRARESE,not,917,night:5
918,night,EMILIANO_REGGIANO,not,918,night:5
919,night,FRENCH,nui,919,night:7
920,night,FRIULIAN,5ot,920,night:8
921,night,GALICIAN,noite,921,night:9
922,night,GASCON,nwoyt,922,night:5
923,night,ITALIAN,notte,923,night:9
924,night,ITALIAN_GROSSETO_TUSCAN,note,924,night:9
925,night,JUDEO_ESPAGNOL,noCe,925,night:10
926,night,LANGUEDOCIEN,5oC,926,night:8
927,night,LIGURIAN_GENOESE,nEte,927,night:9
928,night,LIGURIAN_RAPALLO,nEte,928,night:9
929,night,LIGURIAN_STELLA,nECe,929,night:9
930,night,LOMBARD_BERGAMO,noC,930,night:10
931,night,LOMBARD_PLESIO,noC,931,night:10
932,night,NEAPOLITAN_CALABRESE,not3,932,night:5
933,night,NONES,not,933,night:5
934,night,NONES_FASSANO,net,934,night:11
935,night,NONES_GARDENESE,nwet,935,night:11
936,night,OCCITAN_ARANESE,ne,936,night:12
937,night,PIEMONTESE_BARBANIA,noyt,937,night:5
938,night,PIEMONTESE_CARMAGNOLA,noyt,938,night:5
939,night,PIEMONTESE_LANZO_TORINESE,noyt,939,night:5
940,night,PIEMONTESE_VERCELLESE,noC,940,night:10
941,night,PORTUGUESE,noyt3,941,night:5
942,night,ROMAGNOL_RAVENNATE,nota,942,night:5
943,night,ROMANIAN,noapte,943,night:9
944,night,ROMANIAN_2,noapte,944,night:9
945,night,ROMANIAN_MEGLENO,noapti,945,night:9
946,night,ROMANSH_GRISHUN,noT,946,night:10
947,night,ROMANSH_SURMIRAN,noT,947,night:10
948,night,ROMANSH_SURSILVAN,noC,948,night:10
949,night,ROMANSH_VALLADER,not,949,night:5
950,night,SARDINIAN,note,950,night:9
951,night,SARDINIAN_CAMPIDANESE,noti,951,night:5
952,night,SARDINIAN_LOGUDARESE,note,952,night:9
953,night,SICILIAN_UnnamedInSource,noti,953,night:5
954,night,SPANISH,noCe,954,night:10
955,night,VALENCIAN,nit,955,night:4
956,night,VLACH,napte,956,night:9
957,two,ALBANIAN_GHEG,di,957,two:0
958,two,ALBANIAN,di,958,two:0
959,two,ALBANIAN_TOSK,du,959,two:1
960,two,ARAGONESE,dos,960,two:2
961,two,ARPITAN,dow,961,two:3
962,two,ASTURIAN,dos,962,two:2
963,two,BALEAR_CATALAN,dos,963,two:2
964,two,CATALAN,dos,964,two:2
965,two,CATALAN_2,dos,965,two:2
966,two,CORSICAN,dwi,966,two:4
967,two,DALMATIAN,dai,967,two:5
968,two,EMILIANO_CARPIGIANO,du,968,two:1
969,two,EMILIANO_FERRARESE,du,969,two:1
970,two,EMILIANO_REGGIANO,dow,970,two:3
971,two,FRENCH,de,971,two:6
972,two,FRIULIAN,doi,972,two:7
973,two,GALICIAN,dous,973,two:2
974,two,GASCON,dis,974,two:8
975,two,ITALIAN,due,975,two:9
976,two,ITALIAN_GROSSETO_TUSCAN,due,976,two:9
977,two,JUDEO_ESPAGNOL,dos,977,two:2
978,two,LANGUEDOCIEN,dus,978,two:2
979,two,LIGURIAN_GENOESE,dui,979,two:10
980,two,LIGURIAN_RAPALLO,dui,980,two:10
981,two,LIGURIAN_STELLA,dui,981,two:10
982,two,LOMBARD_BERGAMO,du,982,two:1
983,two,LOMBARD_PLESIO,duu,983,two:11
984,two,NEAPOLITAN_CALABRESE,doye,984,two:12
985,two,NONES,doi,985,two:7
986,two,NONES_GARDENESE,doy,986,two:12
987,two,OCCITAN_ARANESE,dis,987,two:8
988,two,PIEMONTESE_BARBANIA,duy,988,two:13
989,two,PIEMONTESE_CARMAGNOLA,duy,989,two:13
990,two,PIEMONTESE_LANZO_TORINESE,duy,990,two:13
991,two,PIEMONTESE_VERCELLESE,duy,991,two:13
992,two,PORTUGUESE,doiS,992,two:7
993,two,ROMAGNOL_RAVENNATE,do,993,two:14
994,two,ROMANIAN,doi,994,two:7
995,two,ROMANIAN_2,doy,995,two:12
996,two,ROMANIAN_MEGLENO,doy,996,two:12
997,two,ROMANSH_GRISHUN,dus,997,two:2
998,two,ROMANSH_SURMIRAN,dus,998,two:2
999,two,ROMANSH_SURSILVAN,dus,999,two:2
1000,two,ROMANSH_VALLADER,dwos,1000,two:2
1001,two,SARDINIAN,duos,1001,two:2
1002,two,SARDINIAN_CAMPIDANESE,duzu,1002,two:11
1003,two,SARDINIAN_LOGUDARESE,duos,1003,two:2
1004,two,SICILIAN_UnnamedInSource,du,1004,two:1
1005,two,SPANISH,dos,1005,two:2
1006,two,TURIA_AROMANIAN,doi,1006,two:7
1007,two,VALENCIAN,dos,1007,two:2
1008,two,VLACH,dui,1008,two:10
1009,we,ALBANIAN_GHEG,ne,1009,we:0
1010,we,ALBANIAN,ne,1010,we:0
1011,we,ALBANIAN_TOSK,nE,1011,we:1
1012,we,ARAGONESE,nusatros,1012,we:2
1013,we,ARPITAN,no,1013,we:3
1014,we,ASTURIAN,nos,1014,we:4
1015,we,BALEAR_CATALAN,noltros,1015,we:2
1016,we,CATALAN,nuzaltr3s,1016,we:2
1017,we,CATALAN_2,nuzaltr3s,1017,we:2
1018,we,CORSICAN,noi,1018,we:5
1019,we,DALMATIAN,noi,1019,we:5
1020,we,EMILIANO_CARPIGIANO,nuEter,1020,we:6
1021,we,EMILIANO_FERRARESE,nu,1021,we:7
1022,we,EMILIANO_REGGIANO,nuEter,1022,we:6
1023,we,FRENCH,nu,1023,we:7
1024,we,FRIULIAN,nou,1024,we:8
1025,we,GALICIAN,nos,1025,we:4
1026,we,GASCON,nuzanes,1026,we:2
1027,we,ITALIAN,noi,1027,we:5
1028,we,ITALIAN_GROSSETO_TUSCAN,noi,1028,we:5
1029,we,JUDEO_ESPAGNOL,mozotros,1029,we:2
1030,we,LANGUEDOCIEN,nuzautres,1030,we:2
1031,we,LIGURIAN_GENOESE,nuiatri,1031,we:2
1032,we,LIGURIAN_RAPALLO,nui,1032,we:9
1033,we,LIGURIAN_STELLA,nuiatri,1033,we:2
1034,we,LOMBARD_BERGAMO,noter,1034,we:6
1035,we,LOMBARD_PLESIO,nuN,1035,we:10
1036,we,NEAPOLITAN_CALABRESE,nuy3,1036,we:11
1037,we,NONES,noiautri,1037,we:2
1038,we,NONES_GARDENESE,n3ws,1038,we:4
1039,we,OCCITAN_ARANESE,nuzati,1039,we:2
1040,we,PIEMONTESE_BARBANIA,nuy,1040,we:11
1041,we,PIEMONTESE_CARMAGNOLA,nuy,1041,we:11
1042,we,PIEMONTESE_LANZO_TORINESE,nuy,1042,we:11
1043,we,PIEMONTESE_VERCELLESE,nuy,1043,we:11
1044,we,PORTUGUESE,noS,1044,we:12
1045,we,ROMAGNOL_RAVENNATE,now,1045,we:4
1046,we,ROMANIAN,noi,1046,we:5
1047,we,ROMANIAN_2,noy,1047,we:13
1048,we,ROMANIAN_MEGLENO,noy,1048,we:13
1049,we,ROMANSH_GRISHUN,nus,1049,we:14
1050,we,ROMANSH_SURMIRAN,nows,1050,we:4
1051,we,ROMANSH_SURSILVAN,nus,1051,we:14
1052,we,ROMANSH_VALLADER,nus,1052,we:14
1053,we,SARDINIAN,nos,1053,we:4
1054,we,SARDINIAN_CAMPIDANESE,nozu,1054,we:15
1055,we,SARDINIAN_LOGUDARESE,nois,1055,we:4
1056,we,SICILIAN_UnnamedInSource,nuautri,1056,we:2
1057,we,SPANISH,nosotros,1057,we:2
1058,we,TURIA_AROMANIAN,noy,1058,we:13
1059,we,VALENCIAN,nosaltres,1059,we:2
1060,we,VLACH,noi,1060,we:5
1061,fish,ALBANIAN_GHEG,peSk,1061,fish:0
1062,fish,ALBANIAN,peSk,1062,fish:0
1063,fish,ALBANIAN_TOSK,pESk,1063,fish:1
1064,fish,ARAGONESE,peS,1064,fish:2
1065,fish,ARPITAN,p3so,1065,fish:3
1066,fish,ASTURIAN,peSe,1066,fish:4
1067,fish,BALEAR_CATALAN,peiS,1067,fish:5
1068,fish,CATALAN,peS,1068,fish:2
1069,fish,CATALAN_2,peS,1069,fish:2
1070,fish,CORSICAN,pESu,1070,fish:1
1071,fish,DALMATIAN,pias,1071,fish:6
1072,fish,EMILIANO_CARPIGIANO,pEs,1072,fish:7
1073,fish,EMILIANO_FERRARESE,pEs,1073,fish:7
1074,fish,EMILIANO_REGGIANO,pEs,1074,fish:7
1075,fish,FRENCH,paso,1075,fish:8
1076,fish,FRIULIAN,pes,1076,fish:9
1077,fish,GALICIAN,pEiSe,1077,fish:10
1078,fish,GASCON,pES,1078,fish:1
1079,fish,ITALIAN,peSe,1079,fish:4
1080,fish,ITALIAN_GROSSETO_TUSCAN,peSe,1080,fish:4
1081,fish,JUDEO_ESPAGNOL,peSkado,1081,fish:11
1082,fish,LANGUEDOCIEN,peys,1082,fish:9
1083,fish,LIGURIAN_GENOESE,peSu,1083,fish:12
1084,fish,LIGURIAN_RAPALLO,pESu,1084,fish:1
1085,fish,LIGURIAN_STELLA,pESu,1085,fish:1
1086,fish,LOMBARD_BERGAMO,pEs,1086,fish:7
1087,fish,LOMBARD_PLESIO,pEs,1087,fish:7
1088,fish,NEAPOLITAN_CALABRESE,peS3,1088,fish:0
1089,fish,NONES,pes,1089,fish:9
1090,fish,NONES_FASSANO,peS,1090,fish:2
1091,fish,NONES_GARDENESE,p3S,1091,fish:13
1092,fish,OCCITAN_ARANESE,peiS,1092,fish:5
1093,fish,PIEMONTESE_BARBANIA,p3s,1093,fish:3
1094,fish,PIEMONTESE_CARMAGNOLA,pEs,1094,fish:7
1095,fish,PIEMONTESE_LANZO_TORINESE,pES,1095,fish:1
1096,fish,PIEMONTESE_VERCELLESE,pos,1096,fish:14
1097,fish,PORTUGUESE,paiS3,1097,fish:15
1098,fish,ROMAGNOL_RAVENNATE,pEs,1098,fish:7
1099,fish,ROMANIAN,peSte,1099,fish:4
1100,fish,ROMANIAN_2,peSte,1100,fish:4
1101,fish,ROMANIAN_MEGLENO,peaSti,1101,fish:16
1102,fish,ROMANSH_GRISHUN,peS,1102,fish:2
1103,fish,ROMANSH_SURMIRAN,peS,1103,fish:2
1104,fish,ROMANSH_SURSILVAN,pES,1104,fish:1
1105,fish,ROMANSH_VALLADER,peS,1105,fish:2
1106,fish,SARDINIAN,piSe,1106,fish:10
1107,fish,SARDINIAN_CAMPIDANESE,piSi,1107,fish:17
1108,fish,SARDINIAN_LOGUDARESE,piske,1108,fish:18
1109,fish,SICILIAN_UnnamedInSource,peSi,1109,fish:19
1110,fish,SPANISH,peskado,1110,fish:11
1111,fish,VALENCIAN,peiS,1111,fish:5
1112,fish,VLACH,pesku,1112,fish:20
1113,skin,ALBANIAN_GHEG,l3kur3,1113,skin:0
1114,skin,ALBANIAN,l3kur3,1114,skin:0
1115,skin,ALBANIAN_TOSK,l3kur3,1115,skin:0
1116,skin,ARAGONESE,piel,1116,skin:1
1117,skin,ASTURIAN,piel,1117,skin:1
1118,skin,BALEAR_CATALAN,peL,1118,skin:2
1119,skin,CATALAN,peL,1119,skin:2
1120,skin,CATALAN_2,peL,1120,skin:2
1121,skin,CORSICAN,pedi,1121,skin:3
1122,skin,DALMATIAN,pial,1122,skin:4
1123,skin,EMILIANO_CARPIGIANO,pEla,1123,skin:5
1124,skin,EMILIANO_FERRARESE,pel,1124,skin:1
1125,skin,EMILIANO_REGGIANO,pEla,1125,skin:5
1126,skin,FRENCH,po,1126,skin:6
1127,skin,FRIULIAN,pel,1127,skin:1
1128,skin,GALICIAN,pEl,1128,skin:5
1129,skin,GASCON,pEt,1129,skin:7
1130,skin,ITALIAN,pElle,1130,skin:5
1131,skin,ITALIAN_GROSSETO_TUSCAN,pEle,1131,skin:5
1132,skin,JUDEO_ESPAGNOL,kuero,1132,skin:8
1133,skin,LANGUEDOCIEN,pel,1133,skin:1
1134,skin,LIGURIAN_GENOESE,pele,1134,skin:1
1135,skin,LIGURIAN_RAPALLO,pele,1135,skin:1
1136,skin,LIGURIAN_STELLA,pEle,1136,skin:5
1137,skin,LOMBARD_BERGAMO,pEl,1137,skin:5
1138,skin,LOMBARD_PLESIO,pEl,1138,skin:5
1139,skin,NEAPOLITAN_CALABRESE,pEl3,1139,skin:5
1140,skin,NONES,pEl,1140,skin:5
1141,skin,NONES_FASSANO,pel,1141,skin:1
1142,skin,NONES_GARDENESE,pel,1142,skin:1
1143,skin,OCCITAN_ARANESE,pEt,1143,skin:7
1144,skin,PIEMONTESE_BARBANIA,pEl,1144,skin:5
1145,skin,PIEMONTESE_CARMAGNOLA,pEl,1145,skin:5
1146,skin,PIEMONTESE_LANZO_TORINESE,pEl,1146,skin:5
1147,skin,PIEMONTESE_VERCELLESE,pEl,1147,skin:5
1148,skin,PORTUGUESE,pEl3,1148,skin:5
1149,skin,ROMAGNOL_RAVENNATE,pe3la,1149,skin:9
1150,skin,ROMANIAN,pele,1150,skin:1
1151,skin,ROMANIAN_2,pyele,1151,skin:1
1152,skin,ROMANIAN_MEGLENO,koaZ3,1152,skin:10
1153,skin,ROMANSH_GRISHUN,pel,1153,skin:1
1154,skin,ROMANSH_SURMIRAN,pel,1154,skin:1
1155,skin,ROMANSH_SURSILVAN,pal,1155,skin:4
1156,skin,ROMANSH_VALLADER,pel,1156,skin:1
1157,skin,SARDINIAN,pede,1157,skin:11
1158,skin,SARDINIAN_CAMPIDANESE,pEdi,1158,skin:3
1159,skin,SARDINIAN_LOGUDARESE,pede,1159,skin:11
1160,skin,SICILIAN_UnnamedInSource,pedi,1160,skin:3
1161,skin,SPANISH,piel,1161,skin:1
1162,skin,TURIA_AROMANIAN,kali,1162,skin:12
1163,skin,VALENCIAN,peL,1163,skin:2
1164,skin,VLACH,kiali,1164,skin:12
1165,name,ALBANIAN_GHEG,em3n,1165,name:0
1166,name,ALBANIAN,em3r,1166,name:0
1167,name,ALBANIAN_TOSK,Em3r,1167,name:0
1168,name,ARAGONESE,nombre,1168,name:1
1169,name,ARPITAN,no,1169,name:2
1170,name,ASTURIAN,nome,1170,name:1
1171,name,BALEAR_CATALAN,nom,1171,name:1
1172,name,CATALAN,nom,1172,name:1
1173,name,CATALAN_2,nom,1173,name:1
1174,name,CORSICAN,nomu,1174,name:1
1175,name,DALMATIAN,nam,1175,name:3
1176,name,EMILIANO_CARPIGIANO,nom,1176,name:1
1177,name,EMILIANO_FERRARESE,nom,1177,name:1
1178,name,EMILIANO_REGGIANO,nom,1178,name:1
1179,name,FRENCH,no,1179,name:4
1180,name,FRIULIAN,non,1180,name:5
1181,name,GALICIAN,nome,1181,name:1
1182,name,GASCON,num,1182,name:6
1183,name,ITALIAN,nome,1183,name:1
1184,name,ITALIAN_GROSSETO_TUSCAN,nome,1184,name:1
1185,name,JUDEO_ESPAGNOL,nombre,1185,name:1
1186,name,LANGUEDOCIEN,nun,1186,name:7
1187,name,LIGURIAN_GENOESE,nume,1187,name:6
1188,name,LIGURIAN_RAPALLO,nume,1188,name:6
1189,name,LIGURIAN_STELLA,nume,1189,name:6
1190,name,LOMBARD_BERGAMO,nom,1190,name:1
1191,name,LOMBARD_PLESIO,nom,1191,name:1
1192,name,NEAPOLITAN_CALABRESE,nom3,1192,name:1
1193,name,NONES,nom,1193,name:1
1194,name,NONES_FASSANO,inom,1194,name:1
1195,name,NONES_GARDENESE,inwem,1195,name:8
1196,name,OCCITAN_ARANESE,nom,1196,name:1
1197,name,PIEMONTESE_BARBANIA,nom,1197,name:1
1198,name,PIEMONTESE_CARMAGNOLA,nom,1198,name:1
1199,name,PIEMONTESE_LANZO_TORINESE,nom,1199,name:1
1200,name,PIEMONTESE_VERCELLESE,nom,1200,name:1
1201,name,PORTUGUESE,nom3,1201,name:1
1202,name,ROMAGNOL_RAVENNATE,nom,1202,name:1
1203,name,ROMANIAN,nume,1203,name:6
1204,name,ROMANIAN_2,nume,1204,name:6
1205,name,ROMANIAN_MEGLENO,numi,1205,name:6
1206,name,ROMANSH_GRISHUN,num,1206,name:6
1207,name,ROMANSH_SURMIRAN,nom,1207,name:1
1208,name,ROMANSH_SURSILVAN,num,1208,name:6
1209,name,ROMANSH_VALLADER,nom,1209,name:1
1210,name,SARDINIAN,lumene,1210,name:9
1211,name,SARDINIAN_CAMPIDANESE,nomini,1211,name:1
1212,name,SARDINIAN_LOGUDARESE,lumene,1212,name:9
1213,name,SICILIAN_UnnamedInSource,nomi,1213,name:1
1214,name,SPANISH,nombre,1214,name:1
1215,name,VALENCIAN,nom,1215,name:1
1216,name,VLACH,numa,1216,name:6
1217,nose,ALBANIAN_GHEG,hund3,1217,nose:0
1218,nose,ALBANIAN,hund3,1218,nose:0
1219,nose,ALBANIAN_TOSK,hund3,1219,nose:0
1220,nose,ARAGONESE,nari8,1220,nose:1
1221,nose,ARPITAN,na,1221,nose:2
1222,nose,ASTURIAN,nari8es,1222,nose:1
1223,nose,BALEAR_CATALAN,nas,1223,nose:3
1224,nose,CATALAN,nas,1224,nose:3
1225,nose,CATALAN_2,nas,1225,nose:3
1226,nose,CORSICAN,nasu,1226,nose:3
1227,nose,DALMATIAN,nuos,1227,nose:4
1228,nose,EMILIANO_CARPIGIANO,nEz,1228,nose:5
1229,nose,EMILIANO_FERRARESE,nas,1229,nose:3
1230,nose,EMILIANO_REGGIANO,nEs,1230,nose:5
1231,nose,FRENCH,ne,1231,nose:6
1232,nose,FRIULIAN,nas,1232,nose:3
1233,nose,GALICIAN,nari8,1233,nose:1
1234,nose,GASCON,nas,1234,nose:3
1235,nose,ITALIAN,naso,1235,nose:3
1236,nose,ITALIAN_GROSSETO_TUSCAN,naso,1236,nose:3
1237,nose,JUDEO_ESPAGNOL,nariz,1237,nose:1
1238,nose,LANGUEDOCIEN,nas,1238,nose:3
1239,nose,LIGURIAN_GENOESE,nazu,1239,nose:3
1240,nose,LIGURIAN_RAPALLO,nazu,1240,nose:3
1241,nose,LIGURIAN_STELLA,nazu,1241,nose:3
1242,nose,LOMBARD_BERGAMO,nas,1242,nose:3
1243,nose,LOMBARD_PLESIO,nas,1243,nose:3
1244,nose,NEAPOLITAN_CALABRESE,nas3,1244,nose:3
1245,nose,NONES,nas,1245,nose:3
1246,nose,NONES_FASSANO,nEs,1246,nose:5
1247,nose,NONES_GARDENESE,nEs,1247,nose:5
1248,nose,OCCITAN_ARANESE,nas,1248,nose:3
1249,nose,PIEMONTESE_BARBANIA,nas,1249,nose:3
1250,nose,PIEMONTESE_CARMAGNOLA,nas,1250,nose:3
1251,nose,PIEMONTESE_LANZO_TORINESE,nas,1251,nose:3
1252,nose,PIEMONTESE_VERCELLESE,nas,1252,nose:3
1253,nose,PORTUGUESE,nariS,1253,nose:1
1254,nose,ROMAGNOL_RAVENNATE,ne3z,1254,nose:7
1255,nose,ROMANIAN,nas,1255,nose:3
1256,nose,ROMANIAN_2,nas,1256,nose:3
1257,nose,ROMANIAN_MEGLENO,nas,1257,nose:3
1258,nose,ROMANSH_GRISHUN,nas,1258,nose:3
1259,nose,ROMANSH_SURMIRAN,nas,1259,nose:3
1260,nose,ROMANSH_SURSILVAN,nas,1260,nose:3
1261,nose,ROMANSH_VALLADER,nas,1261,nose:3
1262,nose,SARDINIAN,nasu,1262,nose:3
1263,nose,SARDINIAN_CAMPIDANESE,nazu,1263,nose:3
1264,nose,SARDINIAN_LOGUDARESE,nasu,1264,nose:3
1265,nose,SICILIAN_UnnamedInSource,naska,1265,nose:8
1266,nose,SPANISH,naris,1266,nose:1
1267,nose,TURIA_AROMANIAN,nari,1267,nose:1
1268,nose,VALENCIAN,nas,1268,nose:3
1269,tooth,ALBANIAN_GHEG,dhamb,1269,tooth:0
1270,tooth,ALBANIAN,8Emb,1270,tooth:0
1271,tooth,ALBANIAN_TOSK,83mb,1271,tooth:0
1272,tooth,ARAGONESE,dien,1272,tooth:1
1273,tooth,ARPITAN,dE,1273,tooth:2
1274,tooth,ASTURIAN,diente,1274,tooth:3
1275,tooth,BALEAR_CATALAN,dent,1275,tooth:1
1276,tooth,CATALAN,den,1276,tooth:1
1277,tooth,CATALAN_2,den,1277,tooth:1
1278,tooth,CORSICAN,dEnti,1278,tooth:3
1279,tooth,DALMATIAN,diant,1279,tooth:3
1280,tooth,EMILIANO_CARPIGIANO,dEynt,1280,tooth:1
1281,tooth,EMILIANO_FERRARESE,dent,1281,tooth:1
1282,tooth,EMILIANO_REGGIANO,dEynt,1282,tooth:1
1283,tooth,FRENCH,da,1283,tooth:4
1284,tooth,FRIULIAN,dint,1284,tooth:3
1285,tooth,GALICIAN,dEnte,1285,tooth:3
1286,tooth,GASCON,den,1286,tooth:1
1287,tooth,ITALIAN,dante,1287,tooth:3
1288,tooth,ITALIAN_GROSSETO_TUSCAN,dEnte,1288,tooth:3
1289,tooth,JUDEO_ESPAGNOL,dyente,1289,tooth:3
1290,tooth,LANGUEDOCIEN,den,1290,tooth:1
1291,tooth,LIGURIAN_GENOESE,dente,1291,tooth:3
1292,tooth,LIGURIAN_RAPALLO,dEnte,1292,tooth:3
1293,tooth,LIGURIAN_STELLA,dENCu,1293,tooth:1
1294,tooth,LOMBARD_BERGAMO,det,1294,tooth:1
1295,tooth,LOMBARD_PLESIO,denC,1295,tooth:1
1296,tooth,NEAPOLITAN_CALABRESE,dEnte,1296,tooth:3
1297,tooth,NONES,dEn,1297,tooth:1
1298,tooth,NONES_GARDENESE,d3nt,1298,tooth:1
1299,tooth,OCCITAN_ARANESE,den,1299,tooth:1
1300,tooth,PIEMONTESE_BARBANIA,deNt,1300,tooth:1
1301,tooth,PIEMONTESE_CARMAGNOLA,deNt,1301,tooth:1
1302,tooth,PIEMONTESE_LANZO_TORINESE,deNt,1302,tooth:1
1303,tooth,PIEMONTESE_VERCELLESE,deNC,1303,tooth:1
1304,tooth,PORTUGUESE,det3,1304,tooth:1
1305,tooth,ROMAGNOL_RAVENNATE,dent,1305,tooth:1
1306,tooth,ROMANIAN,dinte,1306,tooth:3
1307,tooth,ROMANIAN_2,dinte,1307,tooth:3
1308,tooth,ROMANIAN_MEGLENO,dinti,1308,tooth:3
1309,tooth,ROMANSH_GRISHUN,dEnt,1309,tooth:1
1310,tooth,ROMANSH_SURMIRAN,daynt,1310,tooth:1
1311,tooth,ROMANSH_SURSILVAN,dEnt,1311,tooth:1
1312,tooth,ROMANSH_VALLADER,daynt,1312,tooth:1
1313,tooth,SARDINIAN,dente,1313,tooth:3
1314,tooth,SARDINIAN_CAMPIDANESE,dEnti,1314,tooth:3
1315,tooth,SARDINIAN_LOGUDARESE,dente,1315,tooth:3
1316,tooth,SICILIAN_UnnamedInSource,denti,1316,tooth:3
1317,tooth,SPANISH,diente,1317,tooth:3
1318,tooth,TURIA_AROMANIAN,dini,1318,tooth:3
1319,tooth,VALENCIAN,dent,1319,tooth:1
1320,tooth,VLACH,dinti,1320,tooth:3
1321,sun,ALBANIAN_GHEG,dieL,1321,sun:0
1322,sun,ALBANIAN,dyell,1322,sun:1
1323,sun,ALBANIAN_TOSK,diEL,1323,sun:0
1324,sun,ARAGONESE,sol,1324,sun:2
1325,sun,ARPITAN,solEL,1325,sun:3
1326,sun,ASTURIAN,sol,1326,sun:2
1327,sun,BALEAR_CATALAN,sol,1327,sun:2
1328,sun,CATALAN,sol,1328,sun:2
1329,sun,CATALAN_2,sol,1329,sun:2
1330,sun,CORSICAN,soli,1330,sun:2
1331,sun,DALMATIAN,saul,1331,sun:4
1332,sun,EMILIANO_CARPIGIANO,sol,1332,sun:2
1333,sun,EMILIANO_FERRARESE,sol,1333,sun:2
1334,sun,EMILIANO_REGGIANO,sowl,1334,sun:2
1335,sun,FRENCH,sole,1335,sun:2
1336,sun,FRIULIAN,soreli,1336,sun:2
1337,sun,GALICIAN,sol,1337,sun:2
1338,sun,GASCON,sureL,1338,sun:3
1339,sun,ITALIAN,sole,1339,sun:2
1340,sun,ITALIAN_GROSSETO_TUSCAN,sole,1340,sun:2
1341,sun,JUDEO_ESPAGNOL,sol,1341,sun:2
1342,sun,LANGUEDOCIEN,sulel,1342,sun:3
1343,sun,LIGURIAN_GENOESE,su,1343,sun:5
1344,sun,LIGURIAN_RAPALLO,su,1344,sun:5
1345,sun,LIGURIAN_STELLA,su,1345,sun:5
1346,sun,LOMBARD_BERGAMO,sul,1346,sun:4
1347,sun,LOMBARD_PLESIO,suu,1347,sun:6
1348,sun,NEAPOLITAN_CALABRESE,sol3,1348,sun:2
1349,sun,NONES,sol,1349,sun:2
1350,sun,NONES_FASSANO,soreye,1350,sun:7
1351,sun,NONES_GARDENESE,sur3dl,1351,sun:8
1352,sun,OCCITAN_ARANESE,su,1352,sun:5
1353,sun,PIEMONTESE_BARBANIA,sul,1353,sun:4
1354,sun,PIEMONTESE_CARMAGNOLA,sul,1354,sun:4
1355,sun,PIEMONTESE_LANZO_TORINESE,sul,1355,sun:4
1356,sun,PIEMONTESE_VERCELLESE,sul,1356,sun:4
1357,sun,PORTUGUESE,sol,1357,sun:2
1358,sun,ROMAGNOL_RAVENNATE,sowl,1358,sun:2
1359,sun,ROMANIAN,soare,1359,sun:9
1360,sun,ROMANIAN_2,soare,1360,sun:9
1361,sun,ROMANIAN_MEGLENO,soari,1361,sun:9
1362,sun,ROMANSH_GRISHUN,suleL,1362,sun:3
1363,sun,ROMANSH_SURMIRAN,suLeL,1363,sun:3
1364,sun,ROMANSH_SURSILVAN,sulEL,1364,sun:3
1365,sun,ROMANSH_VALLADER,sulay,1365,sun:10
1366,sun,SARDINIAN,sole,1366,sun:2
1367,sun,SARDINIAN_CAMPIDANESE,soli,1367,sun:2
1368,sun,SARDINIAN_LOGUDARESE,sole,1368,sun:2
1369,sun,SICILIAN_UnnamedInSource,suli,1369,sun:4
1370,sun,SPANISH,sol,1370,sun:2
1371,sun,VALENCIAN,sol,1371,sun:2
1372,sun,VLACH,suari,1372,sun:9
1373,tongue,ALBANIAN_GHEG,guh3,1373,tongue:0
1374,tongue,ALBANIAN,Tuh3,1374,tongue:0
1375,tongue,ALBANIAN_TOSK,Tuh3,1375,tongue:0
1376,tongue,ARAGONESE,lueNga,1376,tongue:1
1377,tongue,ARPITAN,lEwa,1377,tongue:1
1378,tongue,ASTURIAN,paladar,1378,tongue:2
1379,tongue,BALEAR_CATALAN,Leg3,1379,tongue:3
1380,tongue,CATALAN,LeNg3,1380,tongue:3
1381,tongue,CATALAN_2,Leg3,1381,tongue:3
1382,tongue,CORSICAN,liNgua,1382,tongue:1
1383,tongue,DALMATIAN,laNga,1383,tongue:1
1384,tongue,EMILIANO_CARPIGIANO,lENgva,1384,tongue:1
1385,tongue,EMILIANO_FERRARESE,lENgwa,1385,tongue:1
1386,tongue,EMILIANO_REGGIANO,lENgwa,1386,tongue:1
1387,tongue,FRENCH,lag,1387,tongue:1
1388,tongue,FRIULIAN,leNgE,1388,tongue:1
1389,tongue,GALICIAN,liNga,1389,tongue:1
1390,tongue,GASCON,leNo,1390,tongue:4
1391,tongue,ITALIAN,liNgwa,1391,tongue:1
1392,tongue,ITALIAN_GROSSETO_TUSCAN,lingwa,1392,tongue:1
1393,tongue,JUDEO_ESPAGNOL,lingua,1393,tongue:1
1394,tongue,LANGUEDOCIEN,leNo,1394,tongue:4
1395,tongue,LIGURIAN_GENOESE,liNgwa,1395,tongue:1
1396,tongue,LIGURIAN_RAPALLO,liNgwa,1396,tongue:1
1397,tongue,LIGURIAN_STELLA,lENgwa,1397,tongue:1
1398,tongue,LOMBARD_BERGAMO,lEngwa,1398,tongue:1
1399,tongue,LOMBARD_PLESIO,lengwa,1399,tongue:1
1400,tongue,NEAPOLITAN_CALABRESE,lengw3,1400,tongue:1
1401,tongue,NONES,lENa,1401,tongue:1
1402,tongue,NONES_GARDENESE,l3Nga,1402,tongue:1
1403,tongue,OCCITAN_ARANESE,leNuo,1403,tongue:4
1404,tongue,PIEMONTESE_BARBANIA,lENga,1404,tongue:1
1405,tongue,PIEMONTESE_CARMAGNOLA,leNga,1405,tongue:1
1406,tongue,PIEMONTESE_LANZO_TORINESE,lENga,1406,tongue:1
1407,tongue,PIEMONTESE_VERCELLESE,leNgwa,1407,tongue:1
1408,tongue,PORTUGUESE,ligua,1408,tongue:1
1409,tongue,ROMAGNOL_RAVENNATE,lengva,1409,tongue:1
1410,tongue,ROMANIAN,limb3,1410,tongue:5
1411,tongue,ROMANIAN_2,limb3,1411,tongue:5
1412,tongue,ROMANIAN_MEGLENO,limbe,1412,tongue:5
1413,tongue,ROMANSH_GRISHUN,lyewNg3,1413,tongue:3
1414,tongue,ROMANSH_SURMIRAN,LaNg3,1414,tongue:3
1415,tongue,ROMANSH_SURSILVAN,lEuNga,1415,tongue:1
1416,tongue,ROMANSH_VALLADER,lew3,1416,tongue:1
1417,tongue,SARDINIAN,limba,1417,tongue:5
1418,tongue,SARDINIAN_CAMPIDANESE,limba,1418,tongue:5
1419,tongue,SARDINIAN_LOGUDARESE,limba,1419,tongue:5
1420,tongue,SICILIAN_UnnamedInSource,liNa,1420,tongue:1
1421,tongue,SPANISH,lenga,1421,tongue:1
1422,tongue,TURIA_AROMANIAN,lima,1422,tongue:5
1423,tongue,VALENCIAN,Lega,1423,tongue:3
1424,tongue,VLACH,limba,1424,tongue:5
1425,drink,ALBANIAN_GHEG,gerb,1425,drink:0
1426,drink,ALBANIAN,pirye,1426,drink:1
1427,drink,ALBANIAN_TOSK,pi,1427,drink:2
1428,drink,ARAGONESE,beber,1428,drink:3
1429,drink,ARPITAN,bEa,1429,drink:4
1430,drink,ASTURIAN,beber,1430,drink:3
1431,drink,BALEAR_CATALAN,bEur3,1431,drink:5
1432,drink,CATALAN,bEur3,1432,drink:5
1433,drink,CATALAN_2,bEur3,1433,drink:5
1434,drink,CORSICAN,biy,1434,drink:6
1435,drink,DALMATIAN,bar,1435,drink:4
1436,drink,EMILIANO_CARPIGIANO,bEvEr,1436,drink:3
1437,drink,EMILIANO_FERRARESE,bEar,1437,drink:4
1438,drink,EMILIANO_REGGIANO,bEvEr,1438,drink:3
1439,drink,FRENCH,ba,1439,drink:7
1440,drink,FRIULIAN,bevi,1440,drink:8
1441,drink,GALICIAN,beber,1441,drink:3
1442,drink,GASCON,beore,1442,drink:9
1443,drink,ITALIAN,bere,1443,drink:9
1444,drink,ITALIAN_GROSSETO_TUSCAN,bE,1444,drink:10
1445,drink,JUDEO_ESPAGNOL,bever,1445,drink:3
1446,drink,LANGUEDOCIEN,bewre,1446,drink:9
1447,drink,LIGURIAN_GENOESE,bEyve,1447,drink:11
1448,drink,LIGURIAN_RAPALLO,bEye,1448,drink:11
1449,drink,LIGURIAN_STELLA,bEyve,1449,drink:11
1450,drink,LOMBARD_BERGAMO,bif,1450,drink:6
1451,drink,LOMBARD_PLESIO,bef,1451,drink:12
1452,drink,NEAPOLITAN_CALABRESE,vEb3r3,1452,drink:13
1453,drink,NONES,triNar,1453,drink:14
1454,drink,NONES_FASSANO,beyver,1454,drink:3
1455,drink,NONES_GARDENESE,bev3r,1455,drink:3
1456,drink,OCCITAN_ARANESE,bEbe,1456,drink:11
1457,drink,PIEMONTESE_BARBANIA,bEyve,1457,drink:11
1458,drink,PIEMONTESE_CARMAGNOLA,bEyve,1458,drink:11
1459,drink,PIEMONTESE_LANZO_TORINESE,bEyve,1459,drink:11
1460,drink,PIEMONTESE_VERCELLESE,bevi,1460,drink:8
1461,drink,PORTUGUESE,b3b,1461,drink:15
1462,drink,ROMAGNOL_RAVENNATE,be,1462,drink:16
1463,drink,ROMANIAN,bea,1463,drink:17
1464,drink,ROMANIAN_2,bea,1464,drink:17
1465,drink,ROMANIAN_MEGLENO,beaw,1465,drink:17
1466,drink,ROMANSH_GRISHUN,bayv3r,1466,drink:3
1467,drink,ROMANSH_SURMIRAN,bev3r,1467,drink:3
1468,drink,ROMANSH_SURSILVAN,beibEr,1468,drink:3
1469,drink,ROMANSH_VALLADER,bayv3r,1469,drink:3
1470,drink,SARDINIAN,biere,1470,drink:9
1471,drink,SARDINIAN_CAMPIDANESE,bufay,1471,drink:18
1472,drink,SARDINIAN_LOGUDARESE,bufare,1472,drink:18
1473,drink,SICILIAN_UnnamedInSource,biviri,1473,drink:19
1474,drink,SPANISH,bebe,1474,drink:3
1475,drink,VALENCIAN,bEure,1475,drink:5
1476,drink,VLACH,abea,1476,drink:17
1477,see,ALBANIAN_GHEG,Sof,1477,see:0
1478,see,ALBANIAN,Soh,1478,see:0
1479,see,ALBANIAN_TOSK,Soh,1479,see:0
1480,see,ARAGONESE,beyer,1480,see:1
1481,see,ARPITAN,vEa,1481,see:2
1482,see,ASTURIAN,ver,1482,see:3
1483,see,BALEAR_CATALAN,vEur3,1483,see:4
1484,see,CATALAN,bEur3,1484,see:4
1485,see,CATALAN_2,bEur3,1485,see:4
1486,see,CORSICAN,vEnd,1486,see:5
1487,see,DALMATIAN,vedar,1487,see:6
1488,see,EMILIANO_CARPIGIANO,vEder,1488,see:6
1489,see,EMILIANO_FERRARESE,vEdar,1489,see:6
1490,see,EMILIANO_REGGIANO,vEder,1490,see:6
1491,see,FRENCH,va,1491,see:7
1492,see,FRIULIAN,viodi,1492,see:8
1493,see,GALICIAN,ber,1493,see:1
1494,see,GASCON,beze,1494,see:1
1495,see,ITALIAN,ved,1495,see:9
1496,see,ITALIAN_GROSSETO_TUSCAN,vedere,1496,see:6
1497,see,JUDEO_ESPAGNOL,ver,1497,see:3
1498,see,LANGUEDOCIEN,beyre,1498,see:1
1499,see,LIGURIAN_GENOESE,vede,1499,see:9
1500,see,LIGURIAN_RAPALLO,vede,1500,see:9
1501,see,LIGURIAN_STELLA,vyEy,1501,see:10
1502,see,LOMBARD_BERGAMO,Et,1502,see:11
1503,see,LOMBARD_PLESIO,vedE,1503,see:9
1504,see,NEAPOLITAN_CALABRESE,v3rE,1504,see:12
1505,see,NONES,vedEr,1505,see:6
1506,see,NONES_FASSANO,veder,1506,see:6
1507,see,NONES_GARDENESE,ud3y,1507,see:13
1508,see,OCCITAN_ARANESE,be8e,1508,see:1
1509,see,PIEMONTESE_BARBANIA,v3de,1509,see:9
1510,see,PIEMONTESE_CARMAGNOLA,v3de,1510,see:9
1511,see,PIEMONTESE_LANZO_TORINESE,v3di,1511,see:9
1512,see,PIEMONTESE_VERCELLESE,vogi,1512,see:14
1513,see,PORTUGUESE,ver,1513,see:3
1514,see,ROMAGNOL_RAVENNATE,vde,1514,see:9
1515,see,ROMANIAN,vedea,1515,see:9
1516,see,ROMANIAN_2,vedea,1516,see:9
1517,see,ROMANIAN_MEGLENO,vet,1517,see:15
1518,see,ROMANSH_GRISHUN,v3zayr,1518,see:12
1519,see,ROMANSH_SURMIRAN,vEkr,1519,see:16
1520,see,ROMANSH_SURSILVAN,v3zEr,1520,see:12
1521,see,ROMANSH_VALLADER,v3Cer,1521,see:6
1522,see,SARDINIAN,biere,1522,see:1
1523,see,SARDINIAN_CAMPIDANESE,biri,1523,see:17
1524,see,SARDINIAN_LOGUDARESE,biere,1524,see:1
1525,see,SICILIAN_UnnamedInSource,vidiri,1525,see:18
1526,see,SPANISH,ve,1526,see:19
1527,see,VALENCIAN,vEure,1527,see:4
1528,see,VLACH,vedu,1528,see:9
1529,die,ALBANIAN_GHEG,vdes,1529,die:0
1530,die,ALBANIAN,vdes,1530,die:0
1531,die,ALBANIAN_TOSK,vdEs,1531,die:0
1532,die,ARAGONESE,morir,1532,die:1
1533,die,ARPITAN,mori,1533,die:1
1534,die,ASTURIAN,morrer,1534,die:2
1535,die,BALEAR_CATALAN,muri,1535,die:1
1536,die,CATALAN,muri,1536,die:1
1537,die,CATALAN_2,muri,1537,die:1
1538,die,CORSICAN,mor,1538,die:1
1539,die,DALMATIAN,morar,1539,die:1
1540,die,EMILIANO_CARPIGIANO,murir,1540,die:1
1541,die,EMILIANO_FERRARESE,murir,1541,die:1
1542,die,EMILIANO_REGGIANO,murir,1542,die:1
1543,die,FRENCH,muri,1543,die:1
1544,die,FRIULIAN,murei,1544,die:1
1545,die,GALICIAN,morer,1545,die:2
1546,die,GASCON,kreba,1546,die:3
1547,die,ITALIAN,mor,1547,die:1
1548,die,ITALIAN_GROSSETO_TUSCAN,morire,1548,die:1
1549,die,JUDEO_ESPAGNOL,murir,1549,die:1
1550,die,LANGUEDOCIEN,kreba,1550,die:3
1551,die,LIGURIAN_GENOESE,mui,1551,die:1
1552,die,LIGURIAN_RAPALLO,mui,1552,die:1
1553,die,LIGURIAN_STELLA,mii,1553,die:4
1554,die,LOMBARD_BERGAMO,mor,1554,die:1
1555,die,LOMBARD_PLESIO,muri,1555,die:1
1556,die,NEAPOLITAN_CALABRESE,muri,1556,die:1
1557,die,NONES,morir,1557,die:1
1558,die,NONES_FASSANO,mori,1558,die:1
1559,die,NONES_GARDENESE,muri,1559,die:1
1560,die,OCCITAN_ARANESE,muri,1560,die:1
1561,die,PIEMONTESE_BARBANIA,moyre,1561,die:2
1562,die,PIEMONTESE_CARMAGNOLA,moyre,1562,die:2
1563,die,PIEMONTESE_LANZO_TORINESE,moyre,1563,die:2
1564,die,PIEMONTESE_VERCELLESE,mori,1564,die:1
1565,die,PORTUGUESE,mur,1565,die:1
1566,die,ROMAGNOL_RAVENNATE,muri,1566,die:1
1567,die,ROMANIAN,mur,1567,die:1
1568,die,ROMANIAN_2,deceda,1568,die:5
1569,die,ROMANIAN_MEGLENO,mor,1569,die:1
1570,die,ROMANSH_GRISHUN,murir,1570,die:1
1571,die,ROMANSH_SURMIRAN,murEkr,1571,die:1
1572,die,ROMANSH_SURSILVAN,murir,1572,die:1
1573,die,ROMANSH_VALLADER,murir,1573,die:1
1574,die,SARDINIAN,morere,1574,die:2
1575,die,SARDINIAN_CAMPIDANESE,mori,1575,die:1
1576,die,SARDINIAN_LOGUDARESE,morere,1576,die:2
1577,die,SICILIAN_UnnamedInSource,moriri,1577,die:1
1578,die,SPANISH,mori,1578,die:1
1579,die,VALENCIAN,morir,1579,die:1
1580,die,VLACH,moru,1580,die:1
1581,ear,ALBANIAN_GHEG,veS,1581,ear:0
1582,ear,ALBANIAN,veS,1582,ear:0
1583,ear,ALBANIAN_TOSK,vES,1583,ear:1
1584,ear,ARAGONESE,oreLa,1584,ear:2
1585,ear,ARPITAN,or3L3,1585,ear:2
1586,ear,ASTURIAN,oreya,1586,ear:2
1587,ear,BALEAR_CATALAN,orEL3,1587,ear:2
1588,ear,CATALAN,urEL3,1588,ear:3
1589,ear,CATALAN_2,urEL3,1589,ear:3
1590,ear,CORSICAN,arETa,1590,ear:2
1591,ear,DALMATIAN,rakla,1591,ear:4
1592,ear,EMILIANO_CARPIGIANO,urECa,1592,ear:2
1593,ear,EMILIANO_FERRARESE,urECa,1593,ear:2
1594,ear,EMILIANO_REGGIANO,urECa,1594,ear:2
1595,ear,FRENCH,ore,1595,ear:5
1596,ear,FRIULIAN,oreli,1596,ear:6
1597,ear,GALICIAN,orELa,1597,ear:2
1598,ear,GASCON,aureyo,1598,ear:3
1599,ear,ITALIAN,orekkyo,1599,ear:7
1600,ear,ITALIAN_GROSSETO_TUSCAN,orekyo,1600,ear:7
1601,ear,JUDEO_ESPAGNOL,orexa,1601,ear:2
1602,ear,LANGUEDOCIEN,awreLo,1602,ear:3
1603,ear,LIGURIAN_GENOESE,wEja,1603,ear:2
1604,ear,LIGURIAN_RAPALLO,aweje,1604,ear:8
1605,ear,LIGURIAN_STELLA,weja,1605,ear:2
1606,ear,LOMBARD_BERGAMO,orEja,1606,ear:2
1607,ear,LOMBARD_PLESIO,urEja,1607,ear:2
1608,ear,NEAPOLITAN_CALABRESE,reky3,1608,ear:3
1609,ear,NONES,rekla,1609,ear:4
1610,ear,NONES_FASSANO,ureya,1610,ear:2
1611,ear,NONES_GARDENESE,ur3dla,1611,ear:9
1612,ear,OCCITAN_ARANESE,aureLo,1612,ear:3
1613,ear,PIEMONTESE_BARBANIA,uriya,1613,ear:2
1614,ear,PIEMONTESE_CARMAGNOLA,uriya,1614,ear:2
1615,ear,PIEMONTESE_LANZO_TORINESE,uriya,1615,ear:2
1616,ear,PIEMONTESE_VERCELLESE,uroZa,1616,ear:2
1617,ear,PORTUGUESE,oraLa,1617,ear:2
1618,ear,ROMAGNOL_RAVENNATE,urECa,1618,ear:2
1619,ear,ROMANIAN,ureke,1619,ear:10
1620,ear,ROMANIAN_2,ureke,1620,ear:10
1621,ear,ROMANIAN_MEGLENO,ureakL3,1621,ear:3
1622,ear,ROMANSH_GRISHUN,ureL3,1622,ear:3
1623,ear,ROMANSH_SURMIRAN,urey3,1623,ear:3
1624,ear,ROMANSH_SURSILVAN,ureL3,1624,ear:3
1625,ear,ROMANSH_VALLADER,uraL3,1625,ear:3
1626,ear,SARDINIAN,uriga,1626,ear:2
1627,ear,SARDINIAN_CAMPIDANESE,orixa,1627,ear:2
1628,ear,SARDINIAN_LOGUDARESE,orikra,1628,ear:11
1629,ear,SICILIAN_UnnamedInSource,orikia,1629,ear:11
1630,ear,SPANISH,oreha,1630,ear:2
1631,ear,TURIA_AROMANIAN,ureakLi,1631,ear:3
1632,ear,VALENCIAN,orELa,1632,ear:2
1633,ear,VLACH,uriacli,1633,ear:3
1634,mountain,ALBANIAN_GHEG,mal,1634,mountain:0
1635,mountain,ALBANIAN,mal,1635,mountain:0
1636,mountain,ALBANIAN_TOSK,mal,1636,mountain:0
1637,mountain,ARAGONESE,mon,1637,mountain:1
1638,mountain,ARPITAN,mota5i,1638,mountain:2
1639,mountain,ASTURIAN,monte,1639,mountain:2
1640,mountain,BALEAR_CATALAN,munta53,1640,mountain:2
1641,mountain,CATALAN,mon,1641,mountain:1
1642,mountain,CATALAN_2,munta53,1642,mountain:2
1643,mountain,CORSICAN,muntanTa,1643,mountain:2
1644,mountain,DALMATIAN,muant,1644,mountain:2
1645,mountain,EMILIANO_CARPIGIANO,munta5a,1645,mountain:2
1646,mountain,EMILIANO_FERRARESE,munta5a,1646,mountain:2
1647,mountain,EMILIANO_REGGIANO,munta5a,1647,mountain:2
1648,mountain,FRENCH,motaj,1648,mountain:2
1649,mountain,FRIULIAN,mont,1649,mountain:2
1650,mountain,GALICIAN,monta5a,1650,mountain:2
1651,mountain,GASCON,munta5o,1651,mountain:2
1652,mountain,ITALIAN,monta5a,1652,mountain:2
1653,mountain,ITALIAN_GROSSETO_TUSCAN,monata5a,1653,mountain:2
1654,mountain,JUDEO_ESPAGNOL,monta5a,1654,mountain:2
1655,mountain,LANGUEDOCIEN,munta5o,1655,mountain:2
1656,mountain,LIGURIAN_GENOESE,briku,1656,mountain:3
1657,mountain,LIGURIAN_RAPALLO,munta5a,1657,mountain:2
1658,mountain,LIGURIAN_STELLA,briku,1658,mountain:3
1659,mountain,LOMBARD_BERGAMO,monta5a,1659,mountain:2
1660,mountain,LOMBARD_PLESIO,munta5a,1660,mountain:2
1661,mountain,NEAPOLITAN_CALABRESE,munta53,1661,mountain:2
1662,mountain,NONES,mon,1662,mountain:1
1663,mountain,NONES_FASSANO,krepa,1663,mountain:4
1664,mountain,NONES_GARDENESE,kr3p,1664,mountain:5
1665,mountain,OCCITAN_ARANESE,muna5o,1665,mountain:2
1666,mountain,PIEMONTESE_BARBANIA,muNta5a,1666,mountain:2
1667,mountain,PIEMONTESE_CARMAGNOLA,muNta5a,1667,mountain:2
1668,mountain,PIEMONTESE_LANZO_TORINESE,muNta5a,1668,mountain:2
1669,mountain,PIEMONTESE_VERCELLESE,muNta5a,1669,mountain:2
1670,mountain,PORTUGUESE,mota5a,1670,mountain:2
1671,mountain,ROMAGNOL_RAVENNATE,mownt,1671,mountain:2
1672,mountain,ROMANIAN,munte,1672,mountain:2
1673,mountain,ROMANIAN_2,colina,1673,mountain:6
1674,mountain,ROMANIAN_MEGLENO,munti,1674,mountain:2
1675,mountain,ROMANSH_GRISHUN,munto53,1675,mountain:2
1676,mountain,ROMANSH_SURMIRAN,munto53,1676,mountain:2
1677,mountain,ROMANSH_SURSILVAN,kuolm,1677,mountain:7
1678,mountain,ROMANSH_VALLADER,munto53,1678,mountain:2
1679,mountain,SARDINIAN,munta5a,1679,mountain:2
1680,mountain,SARDINIAN_CAMPIDANESE,monti,1680,mountain:2
1681,mountain,SARDINIAN_LOGUDARESE,monte,1681,mountain:2
1682,mountain,SICILIAN_UnnamedInSource,munta5a,1682,mountain:2
1683,mountain,SPANISH,sero,1683,mountain:8
1684,mountain,TURIA_AROMANIAN,muni,1684,mountain:2
1685,mountain,VALENCIAN,munta5a,1685,mountain:2
1686,mountain,VLACH,mundi,1686,mountain:2
1687,eye,ALBANIAN_GHEG,sy,1687,eye:0
1688,eye,ALBANIAN,si,1688,eye:1
1689,eye,ALBANIAN_TOSK,si,1689,eye:1
1690,eye,ARAGONESE,geLo,1690,eye:2
1691,eye,ARPITAN,yi,1691,eye:3
1692,eye,ASTURIAN,ueyu,1692,eye:4
1693,eye,BALEAR_CATALAN,uL,1693,eye:5
1694,eye,CATALAN,uL,1694,eye:5
1695,eye,CATALAN_2,uL,1695,eye:5
1696,eye,CORSICAN,oTi,1696,eye:6
1697,eye,DALMATIAN,vaklo,1697,eye:7
1698,eye,EMILIANO_CARPIGIANO,oC,1698,eye:8
1699,eye,EMILIANO_FERRARESE,oC,1699,eye:8
1700,eye,EMILIANO_REGGIANO,oC,1700,eye:8
1701,eye,FRENCH,3y,1701,eye:9
1702,eye,FRIULIAN,voli,1702,eye:10
1703,eye,GALICIAN,oLo,1703,eye:11
1704,eye,GASCON,wey,1704,eye:12
1705,eye,ITALIAN,okkyo,1705,eye:13
1706,eye,ITALIAN_GROSSETO_TUSCAN,okyo,1706,eye:13
1707,eye,JUDEO_ESPAGNOL,oxo,1707,eye:11
1708,eye,LANGUEDOCIEN,ieL,1708,eye:14
1709,eye,LIGURIAN_GENOESE,Eju,1709,eye:15
1710,eye,LIGURIAN_RAPALLO,Eju,1710,eye:15
1711,eye,LIGURIAN_STELLA,Eju,1711,eye:15
1712,eye,LOMBARD_BERGAMO,oC,1712,eye:8
1713,eye,LOMBARD_PLESIO,oC,1713,eye:8
1714,eye,NEAPOLITAN_CALABRESE,woky3,1714,eye:16
1715,eye,NONES,ocEl,1715,eye:17
1716,eye,NONES_FASSANO,eye,1716,eye:18
1717,eye,NONES_GARDENESE,wedl,1717,eye:19
1718,eye,OCCITAN_ARANESE,ueL,1718,eye:20
1719,eye,PIEMONTESE_BARBANIA,oy,1719,eye:21
1720,eye,PIEMONTESE_CARMAGNOLA,oy,1720,eye:22
1721,eye,PIEMONTESE_LANZO_TORINESE,oy,1721,eye:23
1722,eye,PIEMONTESE_VERCELLESE,oC,1722,eye:8
1723,eye,PORTUGUESE,oLu,1723,eye:24
1724,eye,ROMAGNOL_RAVENNATE,oC,1724,eye:8
1725,eye,ROMANIAN,ok,1725,eye:25
1726,eye,ROMANIAN_2,oky,1726,eye:13
1727,eye,ROMANIAN_MEGLENO,wokLu,1727,eye:26
1728,eye,ROMANSH_GRISHUN,eL,1728,eye:27
1729,eye,ROMANSH_SURMIRAN,iL,1729,eye:28
1730,eye,ROMANSH_SURSILVAN,eL,1730,eye:27
1731,eye,ROMANSH_VALLADER,oL,1731,eye:29
1732,eye,SARDINIAN,ogu,1732,eye:24
1733,eye,SARDINIAN_CAMPIDANESE,oxu,1733,eye:24
1734,eye,SARDINIAN_LOGUDARESE,okru,1734,eye:26
1735,eye,SICILIAN_UnnamedInSource,okiu,1735,eye:26
1736,eye,SPANISH,oho,1736,eye:11
1737,eye,TURIA_AROMANIAN,okLu,1737,eye:26
1738,eye,VALENCIAN,uL,1738,eye:5
1739,eye,VLACH,okklu,1739,eye:30
1740,stone,ALBANIAN_GHEG,gur,1740,stone:0
1741,stone,ALBANIAN,gur,1741,stone:0
1742,stone,ALBANIAN_TOSK,gur,1742,stone:0
1743,stone,ARAGONESE,pe5a,1743,stone:1
1744,stone,ARPITAN,pEri,1744,stone:2
1745,stone,ASTURIAN,piedra,1745,stone:1
1746,stone,BALEAR_CATALAN,pedr3,1746,stone:1
1747,stone,CATALAN,pe8r3,1747,stone:1
1748,stone,CATALAN_2,pe8r3,1748,stone:1
1749,stone,CORSICAN,kota,1749,stone:3
1750,stone,DALMATIAN,pitra,1750,stone:1
1751,stone,EMILIANO_CARPIGIANO,jarown,1751,stone:4
1752,stone,EMILIANO_FERRARESE,prEda,1752,stone:5
1753,stone,EMILIANO_REGGIANO,preda,1753,stone:5
1754,stone,FRENCH,per,1754,stone:1
1755,stone,FRIULIAN,perE,1755,stone:1
1756,stone,GALICIAN,pEdra,1756,stone:1
1757,stone,GASCON,pEiro,1757,stone:6
1758,stone,ITALIAN,pyEtra,1758,stone:1
1759,stone,ITALIAN_GROSSETO_TUSCAN,saso,1759,stone:7
1760,stone,JUDEO_ESPAGNOL,pyedra,1760,stone:1
1761,stone,LANGUEDOCIEN,pEyro,1761,stone:6
1762,stone,LIGURIAN_GENOESE,pria,1762,stone:8
1763,stone,LIGURIAN_RAPALLO,pria,1763,stone:8
1764,stone,LIGURIAN_STELLA,prEya,1764,stone:9
1765,stone,LOMBARD_BERGAMO,preda,1765,stone:5
1766,stone,LOMBARD_PLESIO,sas,1766,stone:7
1767,stone,NEAPOLITAN_CALABRESE,prEt3,1767,stone:10
1768,stone,NONES,sas,1768,stone:7
1769,stone,NONES_FASSANO,sas,1769,stone:7
1770,stone,NONES_GARDENESE,sas,1770,stone:7
1771,stone,OCCITAN_ARANESE,pEiro,1771,stone:6
1772,stone,PIEMONTESE_BARBANIA,pEra,1772,stone:1
1773,stone,PIEMONTESE_CARMAGNOLA,pera,1773,stone:1
1774,stone,PIEMONTESE_LANZO_TORINESE,pEra,1774,stone:1
1775,stone,PIEMONTESE_VERCELLESE,prEya,1775,stone:9
1776,stone,PORTUGUESE,pEdra,1776,stone:1
1777,stone,ROMAGNOL_RAVENNATE,sas,1777,stone:7
1778,stone,ROMANIAN,patr3,1778,stone:1
1779,stone,ROMANIAN_2,pyatr3,1779,stone:1
1780,stone,ROMANIAN_MEGLENO,rop3,1780,stone:11
1781,stone,ROMANSH_GRISHUN,krap,1781,stone:12
1782,stone,ROMANSH_SURMIRAN,krap,1782,stone:12
1783,stone,ROMANSH_SURSILVAN,krap,1783,stone:12
1784,stone,ROMANSH_VALLADER,krap,1784,stone:12
1785,stone,SARDINIAN,pedra,1785,stone:1
1786,stone,SARDINIAN_CAMPIDANESE,perda,1786,stone:5
1787,stone,SARDINIAN_LOGUDARESE,perda,1787,stone:5
1788,stone,SICILIAN_UnnamedInSource,petra,1788,stone:1
1789,stone,SPANISH,piedra,1789,stone:1
1790,stone,TURIA_AROMANIAN,kitriCa,1790,stone:1
1791,stone,VALENCIAN,pe8ra,1791,stone:1
1792,stone,VLACH,gena,1792,stone:13
1793,person,ALBANIAN_GHEG,5eri,1793,person:0
1794,person,ALBANIAN,vet3,1794,person:1
1795,person,ALBANIAN_TOSK,vEt3,1795,person:1
1796,person,ARAGONESE,ombre,1796,person:2
1797,person,ARPITAN,omu,1797,person:3
1798,person,ASTURIAN,persona,1798,person:4
1799,person,BALEAR_CATALAN,p3rson3,1799,person:4
1800,person,CATALAN,p3rson3,1800,person:4
1801,person,CATALAN_2,p3rson3,1801,person:4
1802,person,CORSICAN,nimu,1802,person:5
1803,person,DALMATIAN,om,1803,person:6
1804,person,EMILIANO_CARPIGIANO,om,1804,person:6
1805,person,EMILIANO_FERRARESE,styan,1805,person:7
1806,person,EMILIANO_REGGIANO,om,1806,person:6
1807,person,FRENCH,om,1807,person:6
1808,person,FRIULIAN,pErsoN,1808,person:8
1809,person,GALICIAN,ome,1809,person:9
1810,person,GASCON,omi,1810,person:10
1811,person,ITALIAN,persona,1811,person:4
1812,person,ITALIAN_GROSSETO_TUSCAN,omo,1812,person:11
1813,person,JUDEO_ESPAGNOL,persona,1813,person:4
1814,person,LANGUEDOCIEN,persuno,1814,person:4
1815,person,LIGURIAN_GENOESE,omu,1815,person:3
1816,person,LIGURIAN_RAPALLO,omu,1816,person:3
1817,person,LIGURIAN_STELLA,kristyaN,1817,person:7
1818,person,LOMBARD_BERGAMO,om,1818,person:6
1819,person,LOMBARD_PLESIO,om,1819,person:6
1820,person,NEAPOLITAN_CALABRESE,kr3styan3,1820,person:7
1821,person,NONES,om,1821,person:6
1822,person,NONES_FASSANO,om,1822,person:6
1823,person,NONES_GARDENESE,womo,1823,person:11
1824,person,OCCITAN_ARANESE,persuno,1824,person:4
1825,person,PIEMONTESE_BARBANIA,om,1825,person:6
1826,person,PIEMONTESE_CARMAGNOLA,om,1826,person:6
1827,person,PIEMONTESE_LANZO_TORINESE,om,1827,person:6
1828,person,PIEMONTESE_VERCELLESE,omaN,1828,person:12
1829,person,PORTUGUESE,pErzon,1829,person:8
1830,person,ROMAGNOL_RAVENNATE,sCan,1830,person:7
1831,person,ROMANIAN,persoan3,1831,person:4
1832,person,ROMANIAN_2,om,1832,person:6
1833,person,ROMANIAN_MEGLENO,wom,1833,person:11
1834,person,ROMANSH_GRISHUN,k3rSTawn,1834,person:7
1835,person,ROMANSH_SURMIRAN,k3rstaN,1835,person:7
1836,person,ROMANSH_SURSILVAN,pErsun3,1836,person:4
1837,person,ROMANSH_VALLADER,uman,1837,person:13
1838,person,SARDINIAN,pesone,1838,person:4
1839,person,SARDINIAN_CAMPIDANESE,omini,1839,person:14
1840,person,SARDINIAN_LOGUDARESE,omine,1840,person:14
1841,person,SICILIAN_UnnamedInSource,pirsuna,1841,person:4
1842,person,SPANISH,persona,1842,person:4
1843,person,TURIA_AROMANIAN,om,1843,person:6
1844,person,VALENCIAN,persone,1844,person:4
1845,person,VLACH,omu,1845,person:3
1846,one,ALBANIAN_GHEG,nyi,1846,one:0
1847,one,ALBANIAN,Ne,1847,one:1
1848,one,ALBANIAN_TOSK,53,1848,one:2
1849,one,ARAGONESE,un,1849,one:3
1850,one,ARPITAN,yo,1850,one:4
1851,one,ASTURIAN,un,1851,one:3
1852,one,BALEAR_CATALAN,uns,1852,one:5
1853,one,CATALAN,un,1853,one:3
1854,one,CATALAN_2,uns,1854,one:5
1855,one,CORSICAN,unu,1855,one:6
1856,one,DALMATIAN,yoin,1856,one:7
1857,one,EMILIANO_CARPIGIANO,un,1857,one:3
1858,one,EMILIANO_FERRARESE,un,1858,one:3
1859,one,EMILIANO_REGGIANO,un,1859,one:3
1860,one,FRENCH,oe,1860,one:8
1861,one,FRIULIAN,uN,1861,one:9
1862,one,GALICIAN,un,1862,one:3
1863,one,GASCON,i,1863,one:10
1864,one,ITALIAN,uno,1864,one:11
1865,one,ITALIAN_GROSSETO_TUSCAN,uno,1865,one:11
1866,one,JUDEO_ESPAGNOL,uno,1866,one:11
1867,one,LANGUEDOCIEN,i,1867,one:12
1868,one,LIGURIAN_GENOESE,uN,1868,one:9
1869,one,LIGURIAN_RAPALLO,uN,1869,one:9
1870,one,LIGURIAN_STELLA,uN,1870,one:9
1871,one,LOMBARD_BERGAMO,u,1871,one:13
1872,one,LOMBARD_PLESIO,vuN,1872,one:14
1873,one,NEAPOLITAN_CALABRESE,un3,1873,one:15
1874,one,NONES,un,1874,one:3
1875,one,NONES_FASSANO,uN,1875,one:9
1876,one,NONES_GARDENESE,uN,1876,one:9
1877,one,OCCITAN_ARANESE,iN,1877,one:16
1878,one,PIEMONTESE_BARBANIA,uN,1878,one:9
1879,one,PIEMONTESE_CARMAGNOLA,uN,1879,one:9
1880,one,PIEMONTESE_LANZO_TORINESE,uN,1880,one:9
1881,one,PIEMONTESE_VERCELLESE,yuN,1881,one:14
1882,one,PORTUGUESE,u,1882,one:17
1883,one,ROMAGNOL_RAVENNATE,own,1883,one:18
1884,one,ROMANIAN,unu,1884,one:6
1885,one,ROMANIAN_2,unu,1885,one:6
1886,one,ROMANIAN_MEGLENO,un,1886,one:3
1887,one,ROMANSH_GRISHUN,en,1887,one:19
1888,one,ROMANSH_SURMIRAN,en,1888,one:19
1889,one,ROMANSH_SURSILVAN,in,1889,one:20
1890,one,ROMANSH_VALLADER,un,1890,one:3
1891,one,SARDINIAN,unu,1891,one:6
1892,one,SARDINIAN_CAMPIDANESE,unu,1892,one:6
1893,one,SARDINIAN_LOGUDARESE,unu,1893,one:6
1894,one,SICILIAN_UnnamedInSource,unu,1894,one:6
1895,one,SPANISH,uno,1895,one:11
1896,one,TURIA_AROMANIAN,un,1896,one:3
1897,one,VALENCIAN,uns,1897,one:5
1898,one,VLACH,unu,1898,one:6
1899,knee,ALBANIAN_GHEG,gu,1899,knee:0
1900,knee,ALBANIAN,Tu,1900,knee:1
1901,knee,ALBANIAN_TOSK,Tu,1901,knee:1
1902,knee,ARAGONESE,CinoLo,1902,knee:2
1903,knee,ARPITAN,Z3nu,1903,knee:2
1904,knee,ASTURIAN,rodia,1904,knee:3
1905,knee,BALEAR_CATALAN,Z3noL,1905,knee:2
1906,knee,CATALAN,j3noL,1906,knee:2
1907,knee,CATALAN_2,Z3noL,1907,knee:2
1908,knee,CORSICAN,vinoTi,1908,knee:2
1909,knee,DALMATIAN,Zinuak,1909,knee:4
1910,knee,EMILIANO_CARPIGIANO,znoC,1910,knee:2
1911,knee,EMILIANO_FERRARESE,ZnoC,1911,knee:2
1912,knee,EMILIANO_REGGIANO,ZnoC,1912,knee:2
1913,knee,FRENCH,j3nu,1913,knee:2
1914,knee,FRIULIAN,zEnoli,1914,knee:2
1915,knee,GALICIAN,SeonLo,1915,knee:5
1916,knee,GASCON,Zuy,1916,knee:4
1917,knee,ITALIAN,jinokkyo,1917,knee:4
1918,knee,ITALIAN_GROSSETO_TUSCAN,Zinkyo,1918,knee:4
1919,knee,JUDEO_ESPAGNOL,rodiyas,1919,knee:3
1920,knee,LANGUEDOCIEN,jenul,1920,knee:6
1921,knee,LIGURIAN_GENOESE,Zenuju,1921,knee:6
1922,knee,LIGURIAN_RAPALLO,zenuju,1922,knee:6
1923,knee,LIGURIAN_STELLA,Zenuju,1923,knee:6
1924,knee,LOMBARD_BERGAMO,jonoC,1924,knee:2
1925,knee,LOMBARD_PLESIO,jinoC,1925,knee:2
1926,knee,NEAPOLITAN_CALABRESE,d3nuky3,1926,knee:7
1927,knee,NONES,zinocEl,1927,knee:2
1928,knee,NONES_FASSANO,Z3neye,1928,knee:8
1929,knee,NONES_GARDENESE,Z3nodl,1929,knee:2
1930,knee,OCCITAN_ARANESE,ZuL,1930,knee:4
1931,knee,PIEMONTESE_BARBANIA,Zinuy,1931,knee:4
1932,knee,PIEMONTESE_CARMAGNOLA,Zinuy,1932,knee:4
1933,knee,PIEMONTESE_LANZO_TORINESE,Zinuy,1933,knee:4
1934,knee,PIEMONTESE_VERCELLESE,ZnoC,1934,knee:2
1935,knee,PORTUGUESE,ZuaLu,1935,knee:4
1936,knee,ROMAGNOL_RAVENNATE,ZnoC,1936,knee:2
1937,knee,ROMANIAN,jenuNk,1937,knee:6
1938,knee,ROMANIAN_2,jenuNky,1938,knee:6
1939,knee,ROMANIAN_MEGLENO,zinkLu,1939,knee:6
1940,knee,ROMANSH_GRISHUN,Z3neye,1940,knee:8
1941,knee,ROMANSH_SURMIRAN,g3nuL,1941,knee:2
1942,knee,ROMANSH_SURSILVAN,SanuL,1942,knee:9
1943,knee,ROMANSH_VALLADER,ZnwoL,1943,knee:2
1944,knee,SARDINIAN,enugu,1944,knee:6
1945,knee,SARDINIAN_CAMPIDANESE,jenuxu,1945,knee:6
1946,knee,SARDINIAN_LOGUDARESE,benukru,1946,knee:6
1947,knee,SICILIAN_UnnamedInSource,dinokiu,1947,knee:6
1948,knee,SPANISH,rodiya,1948,knee:3
1949,knee,TURIA_AROMANIAN,cinukLu,1949,knee:6
1950,knee,VALENCIAN,CinoL,1950,knee:2
1951,knee,VLACH,cinuklu,1951,knee:6
1952,hand,ALBANIAN_GHEG,dor3,1952,hand:0
1953,hand,ALBANIAN,dor3,1953,hand:0
1954,hand,ALBANIAN_TOSK,dor3,1954,hand:0
1955,hand,ARAGONESE,man,1955,hand:1
1956,hand,ARPITAN,ma,1956,hand:2
1957,hand,ASTURIAN,mano,1957,hand:1
1958,hand,BALEAR_CATALAN,ma,1958,hand:2
1959,hand,CATALAN,ma,1959,hand:2
1960,hand,CATALAN_2,ma,1960,hand:2
1961,hand,CORSICAN,mani,1961,hand:1
1962,hand,DALMATIAN,muoN,1962,hand:3
1963,hand,EMILIANO_CARPIGIANO,maN,1963,hand:4
1964,hand,EMILIANO_FERRARESE,mans,1964,hand:1
1965,hand,EMILIANO_REGGIANO,man,1965,hand:1
1966,hand,FRENCH,ma,1966,hand:2
1967,hand,FRIULIAN,man,1967,hand:1
1968,hand,GALICIAN,man,1968,hand:1
1969,hand,GASCON,ma,1969,hand:2
1970,hand,ITALIAN,mano,1970,hand:1
1971,hand,ITALIAN_GROSSETO_TUSCAN,mano,1971,hand:1
1972,hand,JUDEO_ESPAGNOL,mano,1972,hand:1
1973,hand,LANGUEDOCIEN,ma,1973,hand:2
1974,hand,LIGURIAN_GENOESE,maN,1974,hand:4
1975,hand,LIGURIAN_RAPALLO,maN,1975,hand:4
1976,hand,LIGURIAN_STELLA,maN,1976,hand:4
1977,hand,LOMBARD_BERGAMO,ma,1977,hand:2
1978,hand,LOMBARD_PLESIO,maN,1978,hand:4
1979,hand,NEAPOLITAN_CALABRESE,man3,1979,hand:1
1980,hand,NONES,man,1980,hand:1
1981,hand,NONES_FASSANO,ma5,1981,hand:4
1982,hand,NONES_GARDENESE,ma5,1982,hand:4
1983,hand,OCCITAN_ARANESE,maN,1983,hand:4
1984,hand,PIEMONTESE_BARBANIA,maN,1984,hand:4
1985,hand,PIEMONTESE_CARMAGNOLA,maN,1985,hand:4
1986,hand,PIEMONTESE_LANZO_TORINESE,maN,1986,hand:4
1987,hand,PIEMONTESE_VERCELLESE,maN,1987,hand:4
1988,hand,PORTUGUESE,mau,1988,hand:4
1989,hand,ROMAGNOL_RAVENNATE,man,1989,hand:1
1990,hand,ROMANIAN,m3n3,1990,hand:5
1991,hand,ROMANIAN_2,m3n3,1991,hand:5
1992,hand,ROMANIAN_MEGLENO,mon3,1992,hand:5
1993,hand,ROMANSH_GRISHUN,mawn,1993,hand:1
1994,hand,ROMANSH_SURMIRAN,maN,1994,hand:4
1995,hand,ROMANSH_SURSILVAN,maun,1995,hand:1
1996,hand,ROMANSH_VALLADER,man,1996,hand:1
1997,hand,SARDINIAN,manu,1997,hand:1
1998,hand,SARDINIAN_CAMPIDANESE,manu,1998,hand:1
1999,hand,SARDINIAN_LOGUDARESE,manu,1999,hand:1
2000,hand,SICILIAN_UnnamedInSource,manu,2000,hand:1
2001,hand,SPANISH,mano,2001,hand:1
2002,hand,TURIA_AROMANIAN,mana,2002,hand:1
2003,hand,VALENCIAN,ma,2003,hand:2
2004,hand,VLACH,mina,2004,hand:1
2005,blood,ALBANIAN_GHEG,gak,2005,blood:0
2006,blood,ALBANIAN,Tak,2006,blood:0
2007,blood,ALBANIAN_TOSK,TEk,2007,blood:1
2008,blood,ARAGONESE,saNgre,2008,blood:2
2009,blood,ARPITAN,so,2009,blood:3
2010,blood,ASTURIAN,saNgre,2010,blood:2
2011,blood,BALEAR_CATALAN,saN,2011,blood:4
2012,blood,CATALAN,saN,2012,blood:4
2013,blood,CATALAN_2,saN,2013,blood:4
2014,blood,CORSICAN,saNgwi,2014,blood:2
2015,blood,DALMATIAN,suoNg,2015,blood:5
2016,blood,EMILIANO_CARPIGIANO,saNgev,2016,blood:2
2017,blood,EMILIANO_FERRARESE,saNg,2017,blood:4
2018,blood,EMILIANO_REGGIANO,saNgov,2018,blood:2
2019,blood,FRENCH,sa,2019,blood:6
2020,blood,FRIULIAN,saNk,2020,blood:4
2021,blood,GALICIAN,saNge,2021,blood:4
2022,blood,GASCON,saN,2022,blood:4
2023,blood,ITALIAN,saNgwe,2023,blood:2
2024,blood,ITALIAN_GROSSETO_TUSCAN,sangwe,2024,blood:2
2025,blood,JUDEO_ESPAGNOL,saNgre,2025,blood:2
2026,blood,LANGUEDOCIEN,saN,2026,blood:4
2027,blood,LIGURIAN_GENOESE,saNgwe,2027,blood:2
2028,blood,LIGURIAN_RAPALLO,saNgwe,2028,blood:2
2029,blood,LIGURIAN_STELLA,saNgwe,2029,blood:2
2030,blood,LOMBARD_BERGAMO,sank,2030,blood:4
2031,blood,LOMBARD_PLESIO,sank,2031,blood:4
2032,blood,NEAPOLITAN_CALABRESE,sang3,2032,blood:4
2033,blood,NONES,saN,2033,blood:4
2034,blood,NONES_FASSANO,saNk,2034,blood:4
2035,blood,NONES_GARDENESE,saNk,2035,blood:4
2036,blood,OCCITAN_ARANESE,saN,2036,blood:4
2037,blood,PIEMONTESE_BARBANIA,saNg,2037,blood:4
2038,blood,PIEMONTESE_CARMAGNOLA,saNg,2038,blood:4
2039,blood,PIEMONTESE_LANZO_TORINESE,saNg,2039,blood:4
2040,blood,PIEMONTESE_VERCELLESE,saN,2040,blood:4
2041,blood,PORTUGUESE,sax3,2041,blood:4
2042,blood,ROMAGNOL_RAVENNATE,saNgv,2042,blood:4
2043,blood,ROMANIAN,s3nje,2043,blood:7
2044,blood,ROMANIAN_2,s3nje,2044,blood:7
2045,blood,ROMANIAN_MEGLENO,sonzi,2045,blood:8
2046,blood,ROMANSH_GRISHUN,saNk,2046,blood:4
2047,blood,ROMANSH_SURMIRAN,saNk,2047,blood:4
2048,blood,ROMANSH_SURSILVAN,sauN,2048,blood:4
2049,blood,ROMANSH_VALLADER,saNk,2049,blood:4
2050,blood,SARDINIAN,sambene,2050,blood:9
2051,blood,SARDINIAN_CAMPIDANESE,SaNguni,2051,blood:4
2052,blood,SARDINIAN_LOGUDARESE,sambene,2052,blood:9
2053,blood,SICILIAN_UnnamedInSource,saNgu,2053,blood:4
2054,blood,SPANISH,sangre,2054,blood:2
2055,blood,TURIA_AROMANIAN,sani,2055,blood:4
2056,blood,VALENCIAN,saN,2056,blood:4
2057,blood,VLACH,sinca,2057,blood:10
